y_test,result,model
11.8,18.91307692,RF
13.1,18.65692308,RF
14,20.54615385,RF
47.2,17.10230769,RF
16.4,11.22205128,RF
7.9,12.80589744,RF
21.7,15.77641026,RF
25.9,18.37871795,RF
18.6,11.00358974,RF
34.7,36.14384615,RF
22.2,20.06487179,RF
7.9,13.07487179,RF
9.5,7.439230769,RF
49,34.22615385,RF
9.4,12.98769231,RF
11.3,14.75487179,RF
35.8,26.41538462,RF
12.5,13.42666667,RF
12.1,16.54487179,RF
2.2,5.787948718,RF
13.9,13.46333333,RF
27.6,15.48615385,RF
20.3,19.5574359,RF
13.2,16.28025641,RF
22.3,27.62666667,RF
18.5,18.80333333,RF
15.3,14.51717949,RF
10.7,13.19794872,RF
22,23.94974359,RF
46.4,37.90820513,RF
4.3,12.75692308,RF
58.5,32.38871795,RF
13.9,18.99666667,RF
5.2,10.98435897,RF
13.5,24.06102564,RF
20.9,21.74153846,RF
13.9,13.84615385,RF
11.6,14.85692308,RF
16.7,13.30820513,RF
23.5,34.52128205,RF
17.5,26.00282051,RF
17.8,20.75769231,RF
7.9,12.83102564,RF
21.1,17.33102564,RF
10.5,15.56153846,RF
23,33.47025641,RF
6.2,11.00897436,RF
8.4,15.36589744,RF
23.6,16.56025641,RF
11.5,14.56179487,RF
20,22.62153846,RF
54.6,47.46846154,RF
21.6,20.79538462,RF
27.2,16.69435897,RF
13,18.21461538,RF
16.5,17.63435897,RF
13.6,18.11384615,RF
31.9,25.60128205,RF
5.4,13.80974359,RF
44.8,44.35666667,RF
13.6,14.26307692,RF
22,28.85435897,RF
38.4,24.49512821,RF
37.8,23.54461538,RF
12.8,12.12871795,RF
37.5,20.9074359,RF
15.8,10.39564103,RF
22.3,18.85615385,RF
19.4,16.95794872,RF
15.3,23.16333333,RF
42.4,9.861282051,RF
9.6,9.212051282,RF
32,22.08615385,RF
6.5,17.45666667,RF
42,40.13435897,RF
25.3,34.17564103,RF
23.5,38.46153846,RF
8.7,10.92487179,RF
4,9.877435897,RF
15.3,11.91051282,RF
5.8,18.41948718,RF
38.9,16.19538462,RF
11.1,11.97641026,RF
41.7,24.15692308,RF
20.1,16.18102564,RF
13.5,9.323076923,RF
31.8,39.93820513,RF
13.2,15.11410256,RF
11.2,13.33615385,RF
9.6,14.99615385,RF
24.8,20.68076923,RF
32.2,23.47153846,RF
16.5,16.24512821,RF
18,10.73974359,RF
19.8,18.33179487,RF
23.7,13.58076923,RF
30.3,29.76435897,RF
22.5,17.21666667,RF
5.4,7.84,RF
11.7,19.97820513,RF
30.7,21.56205128,RF
27,22.04333333,RF
55.2,25.85615385,RF
17.8,17.58230769,RF
15.4,22.97487179,RF
15.5,11.78923077,RF
15.3,13.01846154,RF
11.8,27.62692308,RF
21.9,17.4325641,RF
30.8,29.79794872,RF
8.2,12.18205128,RF
13.7,19.78769231,RF
4.9,8.768974359,RF
24.4,12.63666667,RF
12.5,16.29897436,RF
8.4,12.28589744,RF
10.6,23.0674359,RF
20.9,15.10102564,RF
20,23.39102564,RF
13.8,25.34717949,RF
11.2,18.85025641,RF
9.6,12.13179487,RF
26.3,19.36307692,RF
27,23.91641026,RF
29.8,18.25333333,RF
16.7,20.62512821,RF
11.7,19.68897436,RF
13.9,17.53333333,RF
11.4,18.42179487,RF
41.8,31.40615385,RF
14.2,20.95282051,RF
12,15.99307692,RF
27.8,15.41205128,RF
3.8,5.329230769,RF
11.6,17.79769231,RF
17.5,15.33897436,RF
20.4,11.25179487,RF
4.2,11.57717949,RF
20,14.54846154,RF
13.1,14.48948718,RF
46.7,48.14512821,RF
12.2,13.56230769,RF
7.4,13.34512821,RF
13.4,14.17564103,RF
10,11.23897436,RF
7.8,16.26794872,RF
21.8,25.89205128,RF
11.4,11.78307692,RF
23.3,30.89384615,RF
13.2,25.83641026,RF
36.3,39.29666667,RF
13.3,19.40615385,RF
15.1,13.8174359,RF
3.9,13.16794872,RF
10.8,8.938974359,RF
14.6,12.40128205,RF
20.5,38.42846154,RF
10.8,18.83717949,RF
16.3,19.89615385,RF
17.7,25.7174359,RF
10.6,15.94333333,RF
23.8,27.0825641,RF
10.1,16.62282051,RF
60.2,28.70051282,RF
20.4,19.61128205,RF
13.7,13.53794872,RF
15.4,18.35410256,RF
16.3,17.74,RF
10.5,17.49769231,RF
57.3,22.72025641,RF
24.7,23.78435897,RF
15,14.86102564,RF
17.6,21.72205128,RF
52.3,26.26615385,RF
11,12.6225641,RF
15.4,19.24897436,RF
23.3,24.80051282,RF
12.3,14.28512821,RF
12.7,23.03794872,RF
11.4,19.33769231,RF
4.4,11.22794872,RF
24.6,22.02230769,RF
20.9,14.54897436,RF
31.7,32.96897436,RF
10.6,23.09461538,RF
32.3,23.61615385,RF
13.7,15.27717949,RF
10.5,10.42923077,RF
10,15.93538462,RF
3.2,19.44230769,RF
14.7,14.93512821,RF
13,14.67589744,RF
3.3,11.79230769,RF
12.5,14.96435897,RF
9.1,23.92461538,RF
7.9,9.825897436,RF
9.1,17.88538462,RF
13.7,17.8174359,RF
12.9,22.4874359,RF
26.1,30.91769231,RF
11.4,16.00974359,RF
14.7,18.56487179,RF
12.7,16.35384615,RF
41.7,47.56384615,RF
12.7,17.45589744,RF
20.6,12.85282051,RF
9.2,10.26564103,RF
9.8,13.88615385,RF
20.2,23.85384615,RF
31.4,17.98871795,RF
17.4,17.02692308,RF
22.1,19.20512821,RF
11.7,16.05948718,RF
47.8,27.02641026,RF
35.1,32.33717949,RF
8.6,6.51974359,RF
41.3,26.50974359,RF
24.6,20.45692308,RF
7.6,15.92948718,RF
8.7,17.34846154,RF
17.1,35.00974359,RF
4.9,12.17589744,RF
15,13.30717949,RF
13.9,19.09615385,RF
35.6,23.35282051,RF
15.5,20.80820513,RF
37.6,31.97948718,RF
14.8,17.32358974,RF
8.8,14.76230769,RF
7.4,17.62128205,RF
19.2,22.4325641,RF
11.1,14.11230769,RF
13.2,18.21,RF
39.9,30.42205128,RF
9.8,18.50692308,RF
14.7,15.26102564,RF
9.1,10.40205128,RF
12.7,16.13589744,RF
18,14.3425641,RF
29.5,19.63435897,RF
43.7,39.52948718,RF
8.6,18.36025641,RF
33.7,41.92666667,RF
12.6,18.75897436,RF
7.3,10.17615385,RF
11.6,18.37512821,RF
15.2,17.27051282,RF
9.8,21.95589744,RF
13.8,15.63461538,RF
36.5,16.85435897,RF
36.1,23.76589744,RF
19.8,15.14307692,RF
12.1,15.16051282,RF
11.5,13.40666667,RF
15.6,16.49692308,RF
14.2,23.17153846,RF
34.3,17.08410256,RF
20.7,17.56615385,RF
43.8,15.30641026,RF
44,33.76410256,RF
17,10.40717949,RF
15.2,11.05230769,RF
14.5,13.76564103,RF
28.7,23.77051282,RF
11.6,10.28435897,RF
11.9,11.9674359,RF
8.3,10.57179487,RF
11.5,15.12641026,RF
14.8,16.23307692,RF
38.2,23.50179487,RF
18,27.81717949,RF
23.6,16.91564103,RF
18.3,17.32358974,RF
15.6,17.17051282,RF
7.3,22.56333333,RF
10.4,15.39794872,RF
20.5,31.11358974,RF
6.2,13.10512821,RF
4.8,9.603076923,RF
11.1,14.29897436,RF
5.9,14.21769231,RF
6.8,9.918461538,RF
3.5,14.19794872,RF
36,39.39589744,RF
34.4,35.21076923,RF
10.9,10.26794872,RF
11.6,14.4974359,RF
32.1,17.76025641,RF
48.9,41.29333333,RF
15.3,21.08230769,RF
18.4,24.93641026,RF
49.8,24.34948718,RF
8.5,14.49435897,RF
11.6,17.63435897,RF
44.2,36.13897436,RF
43.3,29.69923077,RF
13.9,17.92179487,RF
52.9,30.31179487,RF
23.8,18.8374359,RF
18.9,26.8174359,RF
5.9,11.78692308,RF
18.2,16.13230769,RF
9.3,9.312564103,RF
10.4,13.61307692,RF
18.3,19.63948718,RF
7,16.01410256,RF
17.8,20.12666667,RF
18.7,13.1274359,RF
6.4,9.604871795,RF
18.8,21.45871795,RF
18.5,29.75051282,RF
8.3,14.12102564,RF
10.6,24.63820513,RF
8.8,10.80948718,RF
7.8,12.16589744,RF
29,15.02974359,RF
26.7,27.3925641,RF
13.8,16.55769231,RF
13.6,15.26102564,RF
25.8,17.21641026,RF
14.8,17.44410256,RF
11.2,11.49,RF
16,15.37820513,RF
19.5,25.39358974,RF
51.1,31.42179487,RF
16.7,15.6225641,RF
14.4,9.915897436,RF
26.4,21.26666667,RF
25.6,33.83666667,RF
42.3,11.8,RF
15.9,13.61717949,RF
11,20.7825641,RF
8.5,16.95794872,RF
15.4,15.23333333,RF
21.2,11.57025641,RF
5.2,6.817948718,RF
10.8,14.68128205,RF
12.1,16.50512821,RF
24.4,17.56128205,RF
13.9,17.10025641,RF
29.5,19.63641026,RF
21,18.62948718,RF
10.4,14.13333333,RF
15.5,18.08358974,RF
14.1,15.43410256,RF
16.6,11.14641026,RF
13,17.45102564,RF
19.7,23.16846154,RF
9.8,14.08282051,RF
22.7,19.23897436,RF
31,27.28820513,RF
34.4,15.21282051,RF
14.5,16.50923077,RF
12.5,16.73461538,RF
19.7,19.39205128,RF
43.9,21.55153846,RF
35.1,42.53153846,RF
15.9,15.18564103,RF
12.2,16.97051282,RF
39.3,19.24358974,RF
19.5,16.55051282,RF
21.2,21.64435897,RF
6.7,9.882820513,RF
8.6,16.1325641,RF
16.3,14.86102564,RF
20.4,19.60333333,RF
14,17.16051282,RF
17.3,12.85974359,RF
15.4,19.41153846,RF
24,17.53051282,RF
5.4,9.95025641,RF
17.7,15.49974359,RF
25,30.48410256,RF
13.5,15.8974359,RF
16.2,14.15794872,RF
8.3,10.54333333,RF
23.2,40.84512821,RF
18.4,33.10205128,RF
10.1,10.35641026,RF
34.1,28.84897436,RF
28.1,41.08923077,RF
31.8,26.53102564,RF
52.3,24.32333333,RF
0.3,12.51282051,RF
5.7,22.01435897,RF
12,19.10358974,RF
43.2,22.06358974,RF
17.6,18.44769231,RF
9.2,15.46435897,RF
28.5,11.86435897,RF
38.2,23.11025641,RF
18.2,21.96846154,RF
9.9,14.17512821,RF
34.5,35.26641026,RF
56.7,22.11358974,RF
25.1,18.64128205,RF
13.7,16.34076923,RF
18.4,17.2374359,RF
14.3,17.32,RF
11.2,15.34461538,RF
12.8,13.58923077,RF
15.9,19.00384615,RF
21.3,19.38051282,RF
6.8,6.774358974,RF
8.4,18.49358974,RF
19.7,17.22615385,RF
24.3,29.90538462,RF
19.8,16.58564103,RF
15.6,12.59564103,RF
13.9,19.63923077,RF
12.5,14.65948718,RF
26,14.64846154,RF
17.2,16.16435897,RF
18,19,RF
20,22.81974359,RF
6.8,14.89461538,RF
14,15.20179487,RF
16.9,17.22666667,RF
14.1,15.06076923,RF
50.8,42.27153846,RF
10.7,14.60769231,RF
16.8,14.96692308,RF
14.4,11.95846154,RF
31.3,25.72666667,RF
14.4,17.15794872,RF
22.9,30.38717949,RF
9,15.70102564,RF
19.6,17.27948718,RF
11.9,8.451538462,RF
36.3,25.32820513,RF
41.7,24.66564103,RF
35.6,17.79948718,RF
6.6,5.223076923,RF
39.4,30.31,RF
14.5,11.00641026,RF
19.1,23.10923077,RF
17.5,23.28230769,RF
9.8,8.293076923,RF
5.6,5.552564103,RF
16,23.63435897,RF
11.4,16.32948718,RF
19.7,15.48025641,RF
26.8,23.35641026,RF
19,16.58641026,RF
10.8,13.45923077,RF
16,11.30717949,RF
23.6,25.62564103,RF
22.2,20.76128205,RF
16.2,17.94666667,RF
9.3,10.06846154,RF
24,19.92871795,RF
55.2,37.24923077,RF
12.7,17.49435897,RF
3.9,6.154358974,RF
12.2,15.64615385,RF
13.9,16.89974359,RF
27.5,22.41333333,RF
44.1,31.47871795,RF
24.7,39.6774359,RF
14.3,12.69461538,RF
48.8,33.88076923,RF
10.4,13.2125641,RF
12.1,10.87897436,RF
7.7,13.6274359,RF
21.1,32.38,RF
20.7,20.66512821,RF
11.8,27.04153846,RF
12.7,17.36230769,RF
29.2,19.68205128,RF
20.1,17.59769231,RF
33.6,15.10102564,RF
63.3,38.07897436,RF
40.1,42.59128205,RF
19.9,17.43948718,RF
7.2,18.14051282,RF
7.9,11.47282051,RF
10.6,13.38307692,RF
50.2,22.26769231,RF
21.5,11.90282051,RF
17.5,19.3474359,RF
21.1,18.99948718,RF
13,20.34410256,RF
20.4,21.54923077,RF
13.7,18.85641026,RF
15.2,16.19076923,RF
30.1,16.7825641,RF
17.1,11.95358974,RF
17.2,17.27897436,RF
44.2,20.78846154,RF
4.9,24.76692308,RF
9.3,12.47410256,RF
3.5,12.50820513,RF
64.4,42.80974359,RF
17.7,24.55358974,RF
16.1,23.83666667,RF
2.3,3.178205128,RF
18.6,17.44025641,RF
9.8,13.81846154,RF
23.9,25.02846154,RF
18.1,21.43666667,RF
14.8,26.96564103,RF
7.1,14.40487179,RF
11.6,6.610769231,RF
19.8,16.07589744,RF
22.8,20.73717949,RF
19.9,19.88589744,RF
8.5,12.85666667,RF
23.7,16.60538462,RF
22.1,15.27974359,RF
33.5,35.65179487,RF
22.1,28.86025641,RF
16.9,17.28051282,RF
16.2,21.76846154,RF
16.4,20.26102564,RF
19.4,20.01717949,RF
21.9,26.31974359,RF
21.8,17.96846154,RF
11.4,18.07564103,RF
6.9,11.9625641,RF
8.3,14.43897436,RF
22.8,40.46923077,RF
42.3,21.42923077,RF
52.9,19.58128205,RF
30.2,23.30384615,RF
9.6,12.07282051,RF
24.9,12.12487179,RF
15.2,11.60051282,RF
7.2,14.41076923,RF
10.7,11.90128205,RF
18.8,21.01589744,RF
6.7,13.46282051,RF
18.9,20.26076923,RF
11.5,11.3125641,RF
19,16.37410256,RF
9.3,15.36589744,RF
64,48.56717949,RF
12.7,10.51205128,RF
10.1,17.11205128,RF
10.1,19.17538462,RF
6.9,11.7274359,RF
17.4,22.35897436,RF
54.5,16.95,RF
6.2,12.58358974,RF
53.1,43.96897436,RF
15.6,17.7625641,RF
11.8,9.775897436,RF
33.4,28.43025641,RF
19.1,19.64282051,RF
15.6,19.62538462,RF
61.4,47.03615385,RF
42.7,21.61717949,RF
30.6,32.64435897,RF
11.1,14.4825641,RF
10,16.34692308,RF
6.6,10.58512821,RF
10.2,15.12153846,RF
10.4,12.54230769,RF
13.4,17.95333333,RF
14.7,15.56358974,RF
9.5,14.58923077,RF
11,19.45717949,RF
16.1,18.35923077,RF
10.6,13.32230769,RF
16.9,14.33025641,RF
3.4,12.95333333,RF
13,19.4474359,RF
8.7,14.06153846,RF
7.2,7.806153846,RF
7.7,10.19384615,RF
27.5,19.70794872,RF
12.7,12.91487179,RF
16.1,15.95666667,RF
5.6,19.23153846,RF
10,13.44692308,RF
9.8,10.56692308,RF
11.2,19.59948718,RF
5,16.85717949,RF
11.9,13.35769231,RF
58.5,36.76666667,RF
16.1,15.68205128,RF
9.1,9.122564103,RF
12.4,29.80897436,RF
12.5,12.60128205,RF
13.9,14.65,RF
37.9,14.26769231,RF
18.8,17.87948718,RF
17.8,20.03179487,RF
39,27.47794872,RF
9.8,14.63128205,RF
10.9,18.51512821,RF
29.2,20.55333333,RF
10.3,12.10410256,RF
2.6,9.745128205,RF
12.2,18.03307692,RF
20.9,22.7125641,RF
11.6,9.28,RF
17,18.56076923,RF
12.1,18.18615385,RF
2.1,5.191025641,RF
23.7,28.46461538,RF
11.4,17.43102564,RF
10.7,11.23025641,RF
34.6,34.54179487,RF
25,27.13589744,RF
11.7,20.33435897,RF
10,11.90666667,RF
14.9,19.27307692,RF
7.8,11.37538462,RF
5.6,20.0374359,RF
17.8,16.16923077,RF
11.5,17.1125641,RF
20.8,33.62435897,RF
8.4,15.45461538,RF
5.7,17.39205128,RF
17,15.29794872,RF
32.1,29.56025641,RF
41.8,41.66923077,RF
7.9,9.905897436,RF
17.9,19.94,RF
11.8,14.57435897,RF
19.6,28.40179487,RF
13.2,16.95717949,RF
8.1,15.71307692,RF
34,17.74358974,RF
4.5,11.17666667,RF
4.6,11.13641026,RF
10.1,14.51205128,RF
15,17.5974359,RF
6.8,12.60666667,RF
52.1,35.05307692,RF
20.3,13.47589744,RF
17,15.36512821,RF
9.2,11.95282051,RF
12.4,15.3625641,RF
19.3,16.88487179,RF
21.4,27.14769231,RF
42.4,9.076153846,RF
31,23.91538462,RF
20.7,17.87769231,RF
12.9,14.11435897,RF
6.5,9.284871795,RF
11.7,16.56512821,RF
20.6,13.41282051,RF
7.7,12.68615385,RF
22,22.72410256,RF
16.4,18.66564103,RF
15.6,15.80641026,RF
20.9,19.21153846,RF
22.9,23.24589744,RF
52.8,20.91846154,RF
17.4,25.17615385,RF
13.8,21.37384615,RF
3.2,20.48487179,RF
9.1,17.84333333,RF
27.9,18.85051282,RF
22.2,15.82230769,RF
26,16.38897436,RF
8.2,11.60794872,RF
26.4,23.07205128,RF
33.6,28.53794872,RF
8.2,18.47666667,RF
11.9,15.8125641,RF
19.1,11.73230769,RF
18.4,24.24717949,RF
19.3,15.92769231,RF
16.6,17.16153846,RF
9.4,16.35435897,RF
11.9,15.64461538,RF
16.8,17.83974359,RF
2.2,7.97,RF
23,23.35410256,RF
13.5,15.91179487,RF
14.3,16.4574359,RF
21.4,15.09820513,RF
14,19.52717949,RF
8.6,21.21153846,RF
21.2,29.85128205,RF
12.2,15.73358974,RF
35.1,36.58,RF
53.6,41.41794872,RF
11.3,17.77871795,RF
7.3,11.55102564,RF
36.9,44.68769231,RF
17.1,19.49461538,RF
14.8,18.17307692,RF
18.9,15.25923077,RF
24.1,16.3,RF
12.4,10.84769231,RF
7.2,12.40307692,RF
23.9,29.9974359,RF
23.5,25.24179487,RF
60,31.73076923,RF
16.7,19.59641026,RF
10.8,9.492307692,RF
50.5,47.02205128,RF
46.5,34.81179487,RF
34.5,40.74358974,RF
11.4,17.50692308,RF
64,20.82717949,RF
11.7,22.1825641,RF
34.9,17.52717949,RF
27.1,22.37282051,RF
5.2,18.77282051,RF
12.2,27.71307692,RF
22.2,18.86307692,RF
26.6,16.93128205,RF
9.4,11.44692308,RF
11.3,15.75384615,RF
20.5,12.26358974,RF
12.7,14.31564103,RF
31.5,27.2774359,RF
8,12.64128205,RF
26.1,18.71051282,RF
7.5,21.43384615,RF
20.8,18.58846154,RF
17.5,19.00333333,RF
13.2,14.81974359,RF
11.6,14.38948718,RF
5.9,16.63282051,RF
13,14.05871795,RF
15.8,14.67461538,RF
18,17.15025641,RF
19.8,28.4825641,RF
39.5,25.51,RF
33.3,25.2125641,RF
20.4,18.94538462,RF
10.7,15.78948718,RF
9.2,11.32230769,RF
48.3,40.57358974,RF
15.1,17.42461538,RF
4.6,7.398974359,RF
24.6,20.98589744,RF
17.3,18.55794872,RF
13.7,11.99205128,RF
10.8,17.21435897,RF
24,18.20538462,RF
20.3,19.99153846,RF
6.7,10.66179487,RF
33.4,29.39025641,RF
6,20.45897436,RF
42,30.94948718,RF
33.3,12.08666667,RF
3,24.46564103,RF
39.8,41.33769231,RF
10.4,12.1125641,RF
19.3,19.74102564,RF
17.9,22.67282051,RF
14.7,17.86666667,RF
27.9,30.37,RF
7.7,14.24794872,RF
40.4,41.07282051,RF
11.2,10.71282051,RF
43.6,30.57384615,RF
8.2,6.778461538,RF
49.5,31.22333333,RF
10.2,14.95923077,RF
39.4,30.70948718,RF
15.8,20.96564103,RF
13.3,17.23282051,RF
18.4,14.12333333,RF
12.2,16.35717949,RF
12.2,14.64,RF
15.8,20.32153846,RF
8.9,17.83435897,RF
20.7,17.01692308,RF
13.8,16.68820513,RF
7.3,9.953846154,RF
10.7,21.90589744,RF
19.7,11.99179487,RF
3.9,12.75435897,RF
7.3,9.288461538,RF
7.3,13.07589744,RF
13.3,19.63641026,RF
34.6,39.71512821,RF
16.1,15.92,RF
14.8,12.61461538,RF
3.5,16.44897436,RF
13.9,18.15487179,RF
15.8,17.82538462,RF
27.9,31.62076923,RF
12.2,13.56769231,RF
22.1,20.54435897,RF
11.7,13.18076923,RF
3.9,6.573076923,RF
18.7,19.18205128,RF
20.8,5.301025641,RF
21.6,25.72948718,RF
58.9,39.30051282,RF
19.6,14.56102564,RF
14.5,21.30692308,RF
6.6,10.9525641,RF
47.2,37.91769231,RF
13.9,24.67461538,RF
44.6,17.1925641,RF
13.1,16.52076923,RF
17.6,11.87230769,RF
21.4,17.27307692,RF
9.6,14.86358974,RF
23.6,17.16051282,RF
30.8,31.28076923,RF
19.1,16.40230769,RF
17.1,15.93410256,RF
23,16.40205128,RF
50,38.76282051,RF
21.3,16.65923077,RF
7.2,12.27948718,RF
8.9,8.517179487,RF
13.5,24.50128205,RF
17.3,19.56641026,RF
34,30.39384615,RF
16.6,17.77307692,RF
7.1,9.477692308,RF
20.9,27.30102564,RF
15.9,16.97641026,RF
25,15.12230769,RF
8.6,14.1225641,RF
4,14.88564103,RF
17.3,17.78641026,RF
20.9,13.85948718,RF
25.7,25.21769231,RF
59.2,13.72538462,RF
19.6,47.12641026,RF
53.1,18.60846154,RF
8.3,11.99153846,RF
10.5,12.31358974,RF
18.9,14.77512821,RF
9.2,22.89589744,RF
26.3,16.98820513,RF
15.3,15.65,RF
5.7,19.35282051,RF
16.1,16.63384615,RF
12.1,23.5425641,RF
15.9,16.18538462,RF
15.8,12.62,RF
20.2,13.09564103,RF
12.9,11.35230769,RF
20.8,26.7074359,RF
19.5,15.7474359,RF
25.6,31.32589744,RF
16.4,18.04846154,RF
10.5,7.892307692,RF
15.1,16.87512821,RF
26.1,27.58948718,RF
10,13.82410256,RF
8.4,13.08820513,RF
53.8,26.28769231,RF
7.6,10.75205128,RF
11.4,18.28333333,RF
4.5,28.86384615,RF
4.1,8.022820513,RF
12.3,12.9625641,RF
6.6,9.790769231,RF
18,15.9474359,RF
14.8,22.21897436,RF
26,17.71974359,RF
22.8,20.11128205,RF
8.7,14.07538462,RF
29.7,22.07102564,RF
8.4,12.73282051,RF
24.6,20.90641026,RF
3.9,5.588974359,RF
38.4,30.79051282,RF
18.6,16.38589744,RF
17.7,18.95128205,RF
11.1,13.19128205,RF
14.7,18.57538462,RF
26.8,25.74128205,RF
9.8,12.48076923,RF
12.2,19.44948718,RF
11.2,11.52153846,RF
23.2,13.2074359,RF
11.4,18.00307692,RF
16.8,12.48051282,RF
7.3,13.67615385,RF
26.7,37.66205128,RF
8,12.52923077,RF
2.1,7.888205128,RF
10.3,14.92307692,RF
5.3,7.564102564,RF
33,16.83179487,RF
30.5,41.31923077,RF
10.9,13.93179487,RF
12,16.91717949,RF
17.7,17.92076923,RF
23,16.98076923,RF
60.8,34.9925641,RF
11,15.02,RF
9.3,8.425128205,RF
19.8,16.96692308,RF
39.9,28.34846154,RF
14.9,14.73358974,RF
10.8,25.28897436,RF
14.3,22.41641026,RF
17.8,23.09461538,RF
60.9,37.20564103,RF
10.5,20.00384615,RF
18.7,11.44179487,RF
13.6,15.53333333,RF
14.7,11.96794872,RF
52.7,29.65051282,RF
11.9,17.44076923,RF
28.3,22.48923077,RF
7.1,13.22307692,RF
23.6,26.87871795,RF
3.7,6.834358974,RF
28.6,30.98769231,RF
4.8,10.83333333,RF
17.4,22.50282051,RF
7.5,9.165128205,RF
29.3,32.14948718,RF
6,22.98538462,RF
7.5,10.84025641,RF
11.2,18.22487179,RF
11.1,17.37846154,RF
23,18.0725641,RF
15.2,30.05461538,RF
11.7,13.71846154,RF
11.9,13.27589744,RF
14.1,14.26769231,RF
7.6,13.64871795,RF
23.8,14.65692308,RF
14.2,14.02,RF
55.6,32.02076923,RF
18.2,11.46641026,RF
11.5,16.18692308,RF
9.9,7.255128205,RF
32.1,20.46974359,RF
31.2,16.50358974,RF
15.8,11.34538462,RF
10.9,9.331282051,RF
22.9,25.84282051,RF
15.4,17.81948718,RF
6.4,6.632820513,RF
11.9,6.684102564,RF
21.8,17.52230769,RF
11.9,20.03794872,RF
16.3,15.30897436,RF
25.4,25.93461538,RF
13.8,20.37897436,RF
19.1,22.55564103,RF
9.8,25.04871795,RF
17.2,15.98410256,RF
6.2,12.38564103,RF
8.3,11.00666667,RF
24.6,23.62871795,RF
20.1,17.01564103,RF
16.4,20.03897436,RF
24.7,25.98153846,RF
8.8,10.85025641,RF
12,13.72076923,RF
8.2,7.763589744,RF
11.7,10.89487179,RF
5.5,10.94435897,RF
10.7,10.73692308,RF
12.3,17.73153846,RF
15.9,20.95538462,RF
42,32.32589744,RF
39.7,32.50923077,RF
10.8,18.65153846,RF
8.8,10.37333333,RF
14.2,17.91076923,RF
21.3,28.47410256,RF
17.1,16.58948718,RF
29.3,36.56564103,RF
27.6,31.47512821,RF
23.6,23.66820513,RF
16.3,13.32230769,RF
18.8,22.52025641,RF
11,14.22487179,RF
26.6,30.37487179,RF
7.1,9.286923077,RF
6.3,14.70461538,RF
14.3,16.32076923,RF
10.3,16.79564103,RF
19.5,17.45384615,RF
9,11.90179487,RF
38,27.36820513,RF
5.3,16.41717949,RF
15.1,20.92487179,RF
20.8,27.97384615,RF
21.8,31.28282051,RF
35.2,41.1774359,RF
7.9,16.87358974,RF
36.4,39.35923077,RF
11.2,24.38820513,RF
25.4,11.28948718,RF
9.9,9.858461538,RF
38,23.90897436,RF
18.3,20.15102564,RF
14.7,14.17076923,RF
8.2,17.9674359,RF
23.5,18.91538462,RF
26.9,27.01717949,RF
44.6,38.05538462,RF
33.3,17.37717949,RF
3.6,19.34153846,RF
21.8,19.98923077,RF
11.7,18.42487179,RF
20.3,17.00128205,RF
3.4,12.88333333,RF
12.2,12.05512821,RF
14.7,30.18923077,RF
48.3,13.76333333,RF
55.1,34.62,RF
17.2,17.79307692,RF
12.2,16.65282051,RF
13.2,16.51666667,RF
21.1,15.43512821,RF
13,23.80974359,RF
14.1,16.17461538,RF
8.1,7.278205128,RF
27.4,20.62897436,RF
16.8,17.81205128,RF
8.2,12.6574359,RF
14.7,17.09307692,RF
19.8,14.74435897,RF
12.6,18.30538462,RF
12.1,20.8825641,RF
17.9,41.25512821,RF
37.4,28.88769231,RF
13.9,14.16487179,RF
16.2,18.81769231,RF
27.4,29.88153846,RF
10.9,13.33820513,RF
20.1,18.72948718,RF
11.8,18.3025641,RF
10.5,10.68128205,RF
11.2,32.77333333,RF
19,25.66230769,RF
10.6,16.56461538,RF
20.2,33.90461538,RF
8.8,11.97025641,RF
24.7,16.87410256,RF
38.2,41.90025641,RF
13.8,22.11358974,RF
16.5,31.38564103,RF
55.5,31.56641026,RF
19.8,17.81461538,RF
10.1,14.25692308,RF
14.8,12.69717949,RF
8.7,11.7225641,RF
56.5,41.73871795,RF
13.1,11.80461538,RF
7.2,20.30538462,RF
22.5,24.50128205,RF
31.6,16.65435897,RF
4.7,9.876666667,RF
11.3,22.92,RF
27.2,20.61615385,RF
33.4,15.00538462,RF
11.7,24.03025641,RF
30.9,27.97,RF
11.8,16.60897436,RF
49.3,29.83051282,RF
7.2,13.88871795,RF
66.7,40.17435897,RF
36.9,30.28076923,RF
16,27.57230769,RF
14.7,28.41076923,RF
14.2,20.95461538,RF
11.1,15.10641026,RF
23,29.81487179,RF
11.9,17.47487179,RF
7.4,27.70179487,RF
13.7,18.58589744,RF
8.1,12.70128205,RF
18.8,17.43435897,RF
31.4,40.35512821,RF
43.8,40.18512821,RF
24.6,18.65333333,RF
48.8,18.45128205,RF
53.2,33.76897436,RF
8.8,16.49410256,RF
22.6,21.25,RF
21.1,21.73666667,RF
6.4,12.61846154,RF
11.8,19.252691,BPNN
13.1,19.741121,BPNN
14,17.558796,BPNN
47.2,15.397876,BPNN
16.4,11.125585,BPNN
7.9,13.0199,BPNN
21.7,20.710094,BPNN
25.9,18.15988,BPNN
18.6,12.998109,BPNN
34.7,38.59421,BPNN
22.2,19.137684,BPNN
7.9,14.715002,BPNN
9.5,11.789417,BPNN
49,34.42332,BPNN
9.4,13.781637,BPNN
11.3,13.4906435,BPNN
35.8,29.64005,BPNN
12.5,14.829244,BPNN
12.1,20.509438,BPNN
2.2,5.470093,BPNN
13.9,13.918498,BPNN
27.6,14.718455,BPNN
20.3,18.872463,BPNN
13.2,15.501732,BPNN
22.3,37.663612,BPNN
18.5,17.04475,BPNN
15.3,16.304407,BPNN
10.7,12.769088,BPNN
22,20.446087,BPNN
46.4,34.529133,BPNN
4.3,12.450102,BPNN
58.5,30.485537,BPNN
13.9,22.594759,BPNN
5.2,14.067398,BPNN
13.5,15.301731,BPNN
20.9,19.739174,BPNN
13.9,12.72525,BPNN
11.6,15.163751,BPNN
16.7,16.347158,BPNN
23.5,29.706629,BPNN
17.5,30.79632,BPNN
17.8,21.141552,BPNN
7.9,14.435727,BPNN
21.1,18.33069,BPNN
10.5,11.912724,BPNN
23,33.5152,BPNN
6.2,11.4061575,BPNN
8.4,22.521627,BPNN
23.6,16.312721,BPNN
11.5,13.700282,BPNN
20,22.021097,BPNN
54.6,47.22693,BPNN
21.6,20.773096,BPNN
27.2,17.387323,BPNN
13,18.596188,BPNN
16.5,19.154915,BPNN
13.6,16.447756,BPNN
31.9,19.694132,BPNN
5.4,15.333432,BPNN
44.8,48.13311,BPNN
13.6,16.50264,BPNN
22,25.18872,BPNN
38.4,24.499552,BPNN
37.8,26.899805,BPNN
12.8,10.71039,BPNN
37.5,19.205294,BPNN
15.8,11.703694,BPNN
22.3,17.185104,BPNN
19.4,17.728846,BPNN
15.3,16.497295,BPNN
42.4,11.465727,BPNN
9.6,10.759646,BPNN
32,24.200506,BPNN
6.5,16.295935,BPNN
42,35.68025,BPNN
25.3,35.46958,BPNN
23.5,35.651806,BPNN
8.7,9.8924885,BPNN
4,9.765382,BPNN
15.3,11.416234,BPNN
5.8,13.938456,BPNN
38.9,17.33041,BPNN
11.1,12.141309,BPNN
41.7,29.032866,BPNN
20.1,13.56311,BPNN
13.5,11.859131,BPNN
31.8,35.62949,BPNN
13.2,17.151205,BPNN
11.2,16.183743,BPNN
9.6,14.468205,BPNN
24.8,15.984308,BPNN
32.2,26.496597,BPNN
16.5,19.297455,BPNN
18,14.179941,BPNN
19.8,13.393995,BPNN
23.7,13.689413,BPNN
30.3,29.539604,BPNN
22.5,18.225204,BPNN
5.4,5.8924675,BPNN
11.7,20.456057,BPNN
30.7,23.043154,BPNN
27,23.24699,BPNN
55.2,20.888014,BPNN
17.8,18.17272,BPNN
15.4,21.09886,BPNN
15.5,12.926407,BPNN
15.3,12.254819,BPNN
11.8,22.644384,BPNN
21.9,17.441399,BPNN
30.8,35.156597,BPNN
8.2,12.416291,BPNN
13.7,17.454943,BPNN
4.9,8.790174,BPNN
24.4,12.604844,BPNN
12.5,17.125786,BPNN
8.4,10.350537,BPNN
10.6,19.799515,BPNN
20.9,14.8439455,BPNN
20,20.99315,BPNN
13.8,34.149063,BPNN
11.2,19.77018,BPNN
9.6,12.792934,BPNN
26.3,20.760332,BPNN
27,23.266241,BPNN
29.8,16.865017,BPNN
16.7,18.864313,BPNN
11.7,20.956318,BPNN
13.9,20.854029,BPNN
11.4,19.05629,BPNN
41.8,41.206837,BPNN
14.2,19.619335,BPNN
12,14.045097,BPNN
27.8,15.768663,BPNN
3.8,4.0373654,BPNN
11.6,16.434202,BPNN
17.5,14.245308,BPNN
20.4,14.918289,BPNN
4.2,10.349561,BPNN
20,11.457063,BPNN
13.1,16.793667,BPNN
46.7,50.25823,BPNN
12.2,13.841934,BPNN
7.4,11.2977085,BPNN
13.4,9.877241,BPNN
10,11.462507,BPNN
7.8,16.290718,BPNN
21.8,19.167025,BPNN
11.4,12.093927,BPNN
23.3,41.147114,BPNN
13.2,13.287275,BPNN
36.3,39.756718,BPNN
13.3,21.483633,BPNN
15.1,14.090932,BPNN
3.9,14.136874,BPNN
10.8,11.327601,BPNN
14.6,12.282795,BPNN
20.5,41.480152,BPNN
10.8,16.248861,BPNN
16.3,17.927591,BPNN
17.7,22.981892,BPNN
10.6,13.965409,BPNN
23.8,30.73841,BPNN
10.1,17.90299,BPNN
60.2,29.794504,BPNN
20.4,34.396946,BPNN
13.7,14.011998,BPNN
15.4,19.829039,BPNN
16.3,16.850662,BPNN
10.5,18.001583,BPNN
57.3,28.541084,BPNN
24.7,27.94152,BPNN
15,13.892632,BPNN
17.6,25.30057,BPNN
52.3,34.945324,BPNN
11,12.471737,BPNN
15.4,16.260603,BPNN
23.3,37.438927,BPNN
12.3,11.4207945,BPNN
12.7,20.844072,BPNN
11.4,15.840798,BPNN
4.4,11.90059,BPNN
24.6,22.5042,BPNN
20.9,14.697286,BPNN
31.7,29.003878,BPNN
10.6,21.42407,BPNN
32.3,25.16964,BPNN
13.7,12.088267,BPNN
10.5,10.253406,BPNN
10,15.220449,BPNN
3.2,18.78624,BPNN
14.7,13.284057,BPNN
13,16.6028,BPNN
3.3,14.750932,BPNN
12.5,18.712664,BPNN
9.1,18.288721,BPNN
7.9,10.515846,BPNN
9.1,16.84105,BPNN
13.7,11.968344,BPNN
12.9,17.570923,BPNN
26.1,30.133196,BPNN
11.4,19.650297,BPNN
14.7,19.600561,BPNN
12.7,14.73229,BPNN
41.7,48.15326,BPNN
12.7,11.5562935,BPNN
20.6,11.162673,BPNN
9.2,11.317569,BPNN
9.8,12.406374,BPNN
20.2,25.59001,BPNN
31.4,16.920979,BPNN
17.4,12.899725,BPNN
22.1,16.097832,BPNN
11.7,17.007616,BPNN
47.8,33.490986,BPNN
35.1,32.805145,BPNN
8.6,9.6894,BPNN
41.3,28.518911,BPNN
24.6,21.41773,BPNN
7.6,12.632599,BPNN
8.7,14.812658,BPNN
17.1,12.241103,BPNN
4.9,12.132869,BPNN
15,12.26336,BPNN
13.9,18.288712,BPNN
35.6,19.5677,BPNN
15.5,22.202518,BPNN
37.6,39.12709,BPNN
14.8,17.73203,BPNN
8.8,19.576263,BPNN
7.4,22.10602,BPNN
19.2,25.31778,BPNN
11.1,12.964814,BPNN
13.2,17.684328,BPNN
39.9,39.87365,BPNN
9.8,21.42728,BPNN
14.7,15.724582,BPNN
9.1,9.694517,BPNN
12.7,16.784424,BPNN
18,11.719928,BPNN
29.5,19.367378,BPNN
43.7,42.5443,BPNN
8.6,20.923489,BPNN
33.7,43.500576,BPNN
12.6,15.173628,BPNN
7.3,8.271491,BPNN
11.6,13.0745325,BPNN
15.2,18.384686,BPNN
9.8,28.267336,BPNN
13.8,11.417452,BPNN
36.5,12.924412,BPNN
36.1,23.855684,BPNN
19.8,13.088339,BPNN
12.1,12.32979,BPNN
11.5,12.379853,BPNN
15.6,22.922716,BPNN
14.2,17.769072,BPNN
34.3,19.255297,BPNN
20.7,14.611849,BPNN
43.8,14.151231,BPNN
44,34.326717,BPNN
17,10.431349,BPNN
15.2,15.78881,BPNN
14.5,14.938795,BPNN
28.7,28.837448,BPNN
11.6,9.496816,BPNN
11.9,12.297829,BPNN
8.3,9.593982,BPNN
11.5,13.65393,BPNN
14.8,18.302706,BPNN
38.2,19.010426,BPNN
18,23.838371,BPNN
23.6,15.858457,BPNN
18.3,17.876686,BPNN
15.6,17.814596,BPNN
7.3,18.989946,BPNN
10.4,10.235721,BPNN
20.5,32.47589,BPNN
6.2,11.830138,BPNN
4.8,9.34531,BPNN
11.1,14.6662035,BPNN
5.9,11.883623,BPNN
6.8,11.546328,BPNN
3.5,11.47115,BPNN
36,44.217674,BPNN
34.4,38.54299,BPNN
10.9,13.483099,BPNN
11.6,19.482271,BPNN
32.1,19.554535,BPNN
48.9,42.284313,BPNN
15.3,21.194757,BPNN
18.4,20.307772,BPNN
49.8,31.185354,BPNN
8.5,12.329719,BPNN
11.6,17.074514,BPNN
44.2,35.219234,BPNN
43.3,30.18119,BPNN
13.9,16.843372,BPNN
52.9,31.840244,BPNN
23.8,17.78639,BPNN
18.9,22.270002,BPNN
5.9,12.052845,BPNN
18.2,17.63964,BPNN
9.3,6.7119207,BPNN
10.4,13.007934,BPNN
18.3,18.37569,BPNN
7,16.36578,BPNN
17.8,16.738724,BPNN
18.7,13.5763,BPNN
6.4,11.089894,BPNN
18.8,16.92203,BPNN
18.5,30.527977,BPNN
8.3,15.828904,BPNN
10.6,23.1874,BPNN
8.8,11.7867985,BPNN
7.8,14.989929,BPNN
29,12.601774,BPNN
26.7,27.47943,BPNN
13.8,18.645473,BPNN
13.6,17.335096,BPNN
25.8,14.976737,BPNN
14.8,12.778144,BPNN
11.2,9.72958,BPNN
16,16.879831,BPNN
19.5,20.940737,BPNN
51.1,37.52983,BPNN
16.7,15.561473,BPNN
14.4,11.611663,BPNN
26.4,24.021147,BPNN
25.6,35.96593,BPNN
42.3,13.410115,BPNN
15.9,12.519691,BPNN
11,19.755856,BPNN
8.5,20.41504,BPNN
15.4,13.422669,BPNN
21.2,13.133947,BPNN
5.2,8.953,BPNN
10.8,14.905268,BPNN
12.1,16.795689,BPNN
24.4,14.540355,BPNN
13.9,18.613031,BPNN
29.5,19.118303,BPNN
21,17.781303,BPNN
10.4,11.971692,BPNN
15.5,19.137943,BPNN
14.1,10.88256,BPNN
16.6,13.594422,BPNN
13,17.327093,BPNN
19.7,21.105835,BPNN
9.8,15.689369,BPNN
22.7,20.693998,BPNN
31,21.729343,BPNN
34.4,15.117342,BPNN
14.5,13.384432,BPNN
12.5,12.400854,BPNN
19.7,17.981056,BPNN
43.9,24.490185,BPNN
35.1,36.196613,BPNN
15.9,17.913391,BPNN
12.2,16.338257,BPNN
39.3,15.052113,BPNN
19.5,15.289669,BPNN
21.2,25.736536,BPNN
6.7,8.845826,BPNN
8.6,19.642677,BPNN
16.3,13.554893,BPNN
20.4,18.084873,BPNN
14,15.582341,BPNN
17.3,12.919466,BPNN
15.4,17.620161,BPNN
24,25.478197,BPNN
5.4,10.506095,BPNN
17.7,14.16903,BPNN
25,29.565279,BPNN
13.5,9.1128025,BPNN
16.2,12.6303425,BPNN
8.3,10.545267,BPNN
23.2,39.399925,BPNN
18.4,29.746738,BPNN
10.1,10.635513,BPNN
34.1,20.475239,BPNN
28.1,46.54084,BPNN
31.8,28.973309,BPNN
52.3,22.710688,BPNN
0.3,13.362099,BPNN
5.7,26.781069,BPNN
12,17.603798,BPNN
43.2,27.775816,BPNN
17.6,15.158536,BPNN
9.2,19.077028,BPNN
28.5,12.063693,BPNN
38.2,23.03424,BPNN
18.2,22.212725,BPNN
9.9,15.805186,BPNN
34.5,41.794106,BPNN
56.7,18.516134,BPNN
25.1,17.997164,BPNN
13.7,15.98784,BPNN
18.4,13.852757,BPNN
14.3,22.24607,BPNN
11.2,16.112541,BPNN
12.8,13.88956,BPNN
15.9,18.8454,BPNN
21.3,17.224968,BPNN
6.8,5.5566053,BPNN
8.4,13.3624325,BPNN
19.7,18.660557,BPNN
24.3,29.13638,BPNN
19.8,18.455044,BPNN
15.6,10.574665,BPNN
13.9,21.138887,BPNN
12.5,11.443372,BPNN
26,12.127505,BPNN
17.2,15.341797,BPNN
18,26.753033,BPNN
20,28.570538,BPNN
6.8,16.965185,BPNN
14,12.162488,BPNN
16.9,19.307514,BPNN
14.1,11.230049,BPNN
50.8,42.716377,BPNN
10.7,12.601213,BPNN
16.8,17.75007,BPNN
14.4,12.177373,BPNN
31.3,25.629255,BPNN
14.4,13.210951,BPNN
22.9,33.287697,BPNN
9,19.025177,BPNN
19.6,14.358932,BPNN
11.9,9.314345,BPNN
36.3,22.512047,BPNN
41.7,24.347672,BPNN
35.6,16.601086,BPNN
6.6,4.670339,BPNN
39.4,28.291986,BPNN
14.5,7.614848,BPNN
19.1,26.122835,BPNN
17.5,18.664536,BPNN
9.8,11.146071,BPNN
5.6,5.5198603,BPNN
16,25.835396,BPNN
11.4,15.211316,BPNN
19.7,15.393375,BPNN
26.8,21.218107,BPNN
19,14.201816,BPNN
10.8,15.759677,BPNN
16,12.19795,BPNN
23.6,29.32776,BPNN
22.2,16.3502,BPNN
16.2,15.691968,BPNN
9.3,8.878267,BPNN
24,19.706972,BPNN
55.2,39.018307,BPNN
12.7,19.736383,BPNN
3.9,8.223637,BPNN
12.2,16.900177,BPNN
13.9,16.747156,BPNN
27.5,18.829222,BPNN
44.1,28.182764,BPNN
24.7,41.62599,BPNN
14.3,12.498842,BPNN
48.8,40.664215,BPNN
10.4,13.030994,BPNN
12.1,9.905805,BPNN
7.7,15.248287,BPNN
21.1,31.903358,BPNN
20.7,25.257616,BPNN
11.8,31.093618,BPNN
12.7,23.821444,BPNN
29.2,19.883461,BPNN
20.1,15.558337,BPNN
33.6,20.05635,BPNN
63.3,38.556255,BPNN
40.1,45.781647,BPNN
19.9,15.988724,BPNN
7.2,18.266077,BPNN
7.9,11.414425,BPNN
10.6,17.021809,BPNN
50.2,26.16045,BPNN
21.5,13.847537,BPNN
17.5,21.944675,BPNN
21.1,18.632029,BPNN
13,24.7447,BPNN
20.4,21.144709,BPNN
13.7,20.267832,BPNN
15.2,11.3106785,BPNN
30.1,18.356077,BPNN
17.1,13.964678,BPNN
17.2,9.04264,BPNN
44.2,28.27424,BPNN
4.9,25.048124,BPNN
9.3,14.577468,BPNN
3.5,14.112858,BPNN
64.4,39.817364,BPNN
17.7,20.26744,BPNN
16.1,26.736517,BPNN
2.3,4.016202,BPNN
18.6,18.382849,BPNN
9.8,12.812372,BPNN
23.9,21.67562,BPNN
18.1,22.796127,BPNN
14.8,27.408466,BPNN
7.1,19.883554,BPNN
11.6,7.8644667,BPNN
19.8,17.149961,BPNN
22.8,15.500911,BPNN
19.9,23.161798,BPNN
8.5,11.672086,BPNN
23.7,16.210464,BPNN
22.1,16.31839,BPNN
33.5,41.33337,BPNN
22.1,21.067053,BPNN
16.9,19.32065,BPNN
16.2,24.188879,BPNN
16.4,22.934126,BPNN
19.4,19.546005,BPNN
21.9,18.799877,BPNN
21.8,17.829023,BPNN
11.4,18.014599,BPNN
6.9,18.434752,BPNN
8.3,12.100047,BPNN
22.8,41.958424,BPNN
42.3,26.739458,BPNN
52.9,18.785736,BPNN
30.2,23.809807,BPNN
9.6,12.012604,BPNN
24.9,11.405073,BPNN
15.2,14.467351,BPNN
7.2,10.511046,BPNN
10.7,14.293923,BPNN
18.8,20.66223,BPNN
6.7,15.819804,BPNN
18.9,20.519161,BPNN
11.5,11.388301,BPNN
19,14.892399,BPNN
9.3,18.938913,BPNN
64,49.199825,BPNN
12.7,11.7393875,BPNN
10.1,8.651127,BPNN
10.1,22.693787,BPNN
6.9,12.408841,BPNN
17.4,21.552397,BPNN
54.5,19.156904,BPNN
6.2,13.030722,BPNN
53.1,43.1394,BPNN
15.6,19.143314,BPNN
11.8,10.726563,BPNN
33.4,28.875658,BPNN
19.1,21.010447,BPNN
15.6,18.429834,BPNN
61.4,46.94121,BPNN
42.7,20.10523,BPNN
30.6,31.287888,BPNN
11.1,14.091804,BPNN
10,12.6709175,BPNN
6.6,10.213293,BPNN
10.2,15.835678,BPNN
10.4,13.50709,BPNN
13.4,17.066122,BPNN
14.7,18.792377,BPNN
9.5,18.53663,BPNN
11,17.878874,BPNN
16.1,22.849064,BPNN
10.6,11.878039,BPNN
16.9,10.415521,BPNN
3.4,15.080583,BPNN
13,17.245127,BPNN
8.7,13.577143,BPNN
7.2,9.352568,BPNN
7.7,9.5831785,BPNN
27.5,18.11867,BPNN
12.7,12.2277565,BPNN
16.1,15.921628,BPNN
5.6,18.475101,BPNN
10,14.977828,BPNN
9.8,11.303254,BPNN
11.2,18.948639,BPNN
5,20.023718,BPNN
11.9,13.846197,BPNN
58.5,39.32716,BPNN
16.1,17.993608,BPNN
9.1,8.825095,BPNN
12.4,16.842274,BPNN
12.5,11.641749,BPNN
13.9,15.281762,BPNN
37.9,15.180415,BPNN
18.8,17.81898,BPNN
17.8,18.977364,BPNN
39,20.222242,BPNN
9.8,12.259299,BPNN
10.9,17.60927,BPNN
29.2,20.58121,BPNN
10.3,11.094252,BPNN
2.6,9.191217,BPNN
12.2,20.715805,BPNN
20.9,17.421917,BPNN
11.6,9.230958,BPNN
17,19.218155,BPNN
12.1,16.15218,BPNN
2.1,4.065576,BPNN
23.7,23.70116,BPNN
11.4,15.275305,BPNN
10.7,11.098619,BPNN
34.6,41.58002,BPNN
25,27.649702,BPNN
11.7,19.658064,BPNN
10,14.867319,BPNN
14.9,19.846447,BPNN
7.8,13.473633,BPNN
5.6,25.60701,BPNN
17.8,12.456501,BPNN
11.5,19.730318,BPNN
20.8,39.134808,BPNN
8.4,15.98576,BPNN
5.7,16.543945,BPNN
17,12.454868,BPNN
32.1,32.690056,BPNN
41.8,41.164387,BPNN
7.9,11.08702,BPNN
17.9,17.431322,BPNN
11.8,14.316033,BPNN
19.6,22.207006,BPNN
13.2,22.657629,BPNN
8.1,14.364524,BPNN
34,14.902707,BPNN
4.5,12.5478945,BPNN
4.6,13.80062,BPNN
10.1,10.884165,BPNN
15,17.499573,BPNN
6.8,8.053397,BPNN
52.1,36.538013,BPNN
20.3,13.031823,BPNN
17,14.983682,BPNN
9.2,8.221488,BPNN
12.4,14.093068,BPNN
19.3,15.249834,BPNN
21.4,30.420233,BPNN
42.4,10.62403,BPNN
31,21.218493,BPNN
20.7,14.23247,BPNN
12.9,10.879426,BPNN
6.5,10.406479,BPNN
11.7,17.319263,BPNN
20.6,12.283859,BPNN
7.7,13.3963175,BPNN
22,23.683966,BPNN
16.4,14.051206,BPNN
15.6,17.760231,BPNN
20.9,16.566017,BPNN
22.9,23.003553,BPNN
52.8,19.762413,BPNN
17.4,23.006624,BPNN
13.8,17.776009,BPNN
3.2,25.603434,BPNN
9.1,17.022215,BPNN
27.9,19.220114,BPNN
22.2,13.699169,BPNN
26,13.63369,BPNN
8.2,8.053238,BPNN
26.4,21.001097,BPNN
33.6,31.185541,BPNN
8.2,14.016964,BPNN
11.9,13.485877,BPNN
19.1,12.349568,BPNN
18.4,20.52523,BPNN
19.3,11.28712,BPNN
16.6,19.316303,BPNN
9.4,13.978738,BPNN
11.9,14.389601,BPNN
16.8,19.129961,BPNN
2.2,7.8887815,BPNN
23,24.5484,BPNN
13.5,15.867076,BPNN
14.3,19.479641,BPNN
21.4,16.573975,BPNN
14,16.99651,BPNN
8.6,15.563798,BPNN
21.2,29.384445,BPNN
12.2,15.388388,BPNN
35.1,31.387264,BPNN
53.6,39.32222,BPNN
11.3,10.594026,BPNN
7.3,15.926359,BPNN
36.9,47.839203,BPNN
17.1,20.606909,BPNN
14.8,14.281879,BPNN
18.9,15.668411,BPNN
24.1,15.170122,BPNN
12.4,10.155449,BPNN
7.2,10.935487,BPNN
23.9,32.67106,BPNN
23.5,23.404741,BPNN
60,46.200703,BPNN
16.7,16.744457,BPNN
10.8,12.088126,BPNN
50.5,49.055084,BPNN
46.5,34.670628,BPNN
34.5,37.94574,BPNN
11.4,19.230736,BPNN
64,19.382433,BPNN
11.7,27.775381,BPNN
34.9,18.556181,BPNN
27.1,23.731127,BPNN
5.2,12.923532,BPNN
12.2,20.97332,BPNN
22.2,15.4024315,BPNN
26.6,13.208455,BPNN
9.4,13.413613,BPNN
11.3,19.236246,BPNN
20.5,11.087001,BPNN
12.7,14.01513,BPNN
31.5,26.295675,BPNN
8,12.613453,BPNN
26.1,21.626963,BPNN
7.5,24.657475,BPNN
20.8,21.992134,BPNN
17.5,19.371437,BPNN
13.2,14.322172,BPNN
11.6,12.044876,BPNN
5.9,19.51692,BPNN
13,13.6689415,BPNN
15.8,14.725134,BPNN
18,12.060681,BPNN
19.8,31.674688,BPNN
39.5,17.134594,BPNN
33.3,16.924515,BPNN
20.4,16.676846,BPNN
10.7,18.784254,BPNN
9.2,7.5808964,BPNN
48.3,42.423584,BPNN
15.1,19.012772,BPNN
4.6,6.480422,BPNN
24.6,20.299604,BPNN
17.3,16.9297,BPNN
13.7,12.727879,BPNN
10.8,19.087828,BPNN
24,17.27266,BPNN
20.3,20.369219,BPNN
6.7,10.61011,BPNN
33.4,36.466736,BPNN
6,17.127102,BPNN
42,30.416498,BPNN
33.3,12.847498,BPNN
3,19.298433,BPNN
39.8,44.484856,BPNN
10.4,11.035776,BPNN
19.3,20.75556,BPNN
17.9,21.717747,BPNN
14.7,14.037929,BPNN
27.9,33.863834,BPNN
7.7,12.880281,BPNN
40.4,45.53531,BPNN
11.2,9.937442,BPNN
43.6,37.713135,BPNN
8.2,4.5736403,BPNN
49.5,29.455652,BPNN
10.2,13.851667,BPNN
39.4,37.612488,BPNN
15.8,24.966522,BPNN
13.3,19.72641,BPNN
18.4,15.373429,BPNN
12.2,15.454268,BPNN
12.2,20.383623,BPNN
15.8,19.852392,BPNN
8.9,12.528619,BPNN
20.7,18.623552,BPNN
13.8,15.728037,BPNN
7.3,8.922597,BPNN
10.7,22.987425,BPNN
19.7,10.058907,BPNN
3.9,11.165347,BPNN
7.3,8.28692,BPNN
7.3,9.556783,BPNN
13.3,23.598793,BPNN
34.6,43.765717,BPNN
16.1,19.607973,BPNN
14.8,11.648771,BPNN
3.5,11.49487,BPNN
13.9,16.34412,BPNN
15.8,14.101572,BPNN
27.9,40.358105,BPNN
12.2,13.992511,BPNN
22.1,25.69127,BPNN
11.7,11.87825,BPNN
3.9,5.768113,BPNN
18.7,18.013193,BPNN
20.8,6.9130507,BPNN
21.6,25.282951,BPNN
58.9,43.510914,BPNN
19.6,13.962945,BPNN
14.5,17.202175,BPNN
6.6,10.47809,BPNN
47.2,27.108006,BPNN
13.9,17.737804,BPNN
44.6,20.668219,BPNN
13.1,24.297815,BPNN
17.6,11.960422,BPNN
21.4,12.991801,BPNN
9.6,12.602048,BPNN
23.6,15.772869,BPNN
30.8,24.325468,BPNN
19.1,14.670497,BPNN
17.1,17.771551,BPNN
23,13.953539,BPNN
50,43.94554,BPNN
21.3,12.354987,BPNN
7.2,17.745852,BPNN
8.9,11.458983,BPNN
13.5,26.53441,BPNN
17.3,23.54078,BPNN
34,30.303846,BPNN
16.6,19.134377,BPNN
7.1,11.605883,BPNN
20.9,36.10066,BPNN
15.9,18.812334,BPNN
25,14.688187,BPNN
8.6,16.028992,BPNN
4,11.5999565,BPNN
17.3,21.678192,BPNN
20.9,12.553556,BPNN
25.7,32.89548,BPNN
59.2,12.113462,BPNN
19.6,46.02606,BPNN
53.1,19.659094,BPNN
8.3,12.38952,BPNN
10.5,14.359249,BPNN
18.9,17.246164,BPNN
9.2,23.697231,BPNN
26.3,17.085186,BPNN
15.3,16.953474,BPNN
5.7,13.64391,BPNN
16.1,12.29063,BPNN
12.1,23.262587,BPNN
15.9,13.904277,BPNN
15.8,15.811433,BPNN
20.2,13.318436,BPNN
12.9,12.054378,BPNN
20.8,25.859343,BPNN
19.5,14.825494,BPNN
25.6,29.733885,BPNN
16.4,16.671095,BPNN
10.5,7.337739,BPNN
15.1,16.543205,BPNN
26.1,21.987423,BPNN
10,12.61842,BPNN
8.4,8.123234,BPNN
53.8,29.853811,BPNN
7.6,9.882241,BPNN
11.4,17.007648,BPNN
4.5,30.38283,BPNN
4.1,10.562374,BPNN
12.3,11.305524,BPNN
6.6,10.667127,BPNN
18,13.771621,BPNN
14.8,11.364363,BPNN
26,13.935828,BPNN
22.8,18.572544,BPNN
8.7,12.37689,BPNN
29.7,19.62769,BPNN
8.4,13.118692,BPNN
24.6,22.306,BPNN
3.9,5.6839695,BPNN
38.4,30.980421,BPNN
18.6,16.369768,BPNN
17.7,17.355085,BPNN
11.1,12.307916,BPNN
14.7,15.652025,BPNN
26.8,22.168625,BPNN
9.8,12.150048,BPNN
12.2,20.580135,BPNN
11.2,10.763133,BPNN
23.2,11.493035,BPNN
11.4,18.568172,BPNN
16.8,11.4657755,BPNN
7.3,16.292322,BPNN
26.7,36.25653,BPNN
8,12.435464,BPNN
2.1,7.660617,BPNN
10.3,15.616963,BPNN
5.3,9.994071,BPNN
33,20.797688,BPNN
30.5,49.768368,BPNN
10.9,13.84802,BPNN
12,14.035196,BPNN
17.7,18.603695,BPNN
23,16.431074,BPNN
60.8,34.20623,BPNN
11,17.157839,BPNN
9.3,4.716522,BPNN
19.8,17.18051,BPNN
39.9,34.56947,BPNN
14.9,10.910175,BPNN
10.8,18.169243,BPNN
14.3,15.107395,BPNN
17.8,23.886816,BPNN
60.9,47.30459,BPNN
10.5,15.019405,BPNN
18.7,13.48758,BPNN
13.6,17.60958,BPNN
14.7,16.13302,BPNN
52.7,36.888012,BPNN
11.9,12.773485,BPNN
28.3,25.95623,BPNN
7.1,14.545106,BPNN
23.6,23.593388,BPNN
3.7,9.192494,BPNN
28.6,36.781,BPNN
4.8,12.870702,BPNN
17.4,15.996265,BPNN
7.5,10.019965,BPNN
29.3,27.657303,BPNN
6,18.05782,BPNN
7.5,9.738407,BPNN
11.2,18.777164,BPNN
11.1,11.518861,BPNN
23,21.711576,BPNN
15.2,26.784557,BPNN
11.7,12.967369,BPNN
11.9,16.303152,BPNN
14.1,14.846968,BPNN
7.6,11.408807,BPNN
23.8,14.700562,BPNN
14.2,14.796782,BPNN
55.6,39.695274,BPNN
18.2,12.691562,BPNN
11.5,16.878902,BPNN
9.9,7.160207,BPNN
32.1,17.970627,BPNN
31.2,14.601392,BPNN
15.8,12.9948435,BPNN
10.9,10.860172,BPNN
22.9,26.596207,BPNN
15.4,18.671984,BPNN
6.4,5.005075,BPNN
11.9,7.243333,BPNN
21.8,20.572918,BPNN
11.9,17.243593,BPNN
16.3,11.558785,BPNN
25.4,23.986746,BPNN
13.8,23.764256,BPNN
19.1,20.066017,BPNN
9.8,22.593313,BPNN
17.2,10.937667,BPNN
6.2,11.5682745,BPNN
8.3,11.13205,BPNN
24.6,15.285462,BPNN
20.1,13.196417,BPNN
16.4,21.022816,BPNN
24.7,21.516043,BPNN
8.8,10.798855,BPNN
12,12.956914,BPNN
8.2,9.659939,BPNN
11.7,9.429093,BPNN
5.5,12.13316,BPNN
10.7,12.202877,BPNN
12.3,21.109545,BPNN
15.9,23.67801,BPNN
42,29.778704,BPNN
39.7,34.133827,BPNN
10.8,16.316622,BPNN
8.8,13.625144,BPNN
14.2,17.622162,BPNN
21.3,33.375244,BPNN
17.1,15.67085,BPNN
29.3,39.464806,BPNN
27.6,34.946613,BPNN
23.6,13.562478,BPNN
16.3,14.31578,BPNN
18.8,23.571968,BPNN
11,11.952577,BPNN
26.6,31.190147,BPNN
7.1,7.295436,BPNN
6.3,17.49276,BPNN
14.3,17.489134,BPNN
10.3,15.006814,BPNN
19.5,17.790112,BPNN
9,8.853325,BPNN
38,26.835308,BPNN
5.3,13.881239,BPNN
15.1,20.245693,BPNN
20.8,25.18055,BPNN
21.8,37.343597,BPNN
35.2,45.731003,BPNN
7.9,11.831005,BPNN
36.4,44.693573,BPNN
11.2,19.009151,BPNN
25.4,10.591061,BPNN
9.9,10.566457,BPNN
38,24.224756,BPNN
18.3,18.221388,BPNN
14.7,13.728794,BPNN
8.2,15.964292,BPNN
23.5,18.92935,BPNN
26.9,23.3483,BPNN
44.6,37.487007,BPNN
33.3,16.127544,BPNN
3.6,24.694004,BPNN
21.8,16.699322,BPNN
11.7,19.56274,BPNN
20.3,16.003046,BPNN
3.4,9.115157,BPNN
12.2,12.884165,BPNN
14.7,26.425285,BPNN
48.3,13.643838,BPNN
55.1,37.968937,BPNN
17.2,19.289537,BPNN
12.2,17.366781,BPNN
13.2,14.746877,BPNN
21.1,15.395071,BPNN
13,17.70916,BPNN
14.1,16.015797,BPNN
8.1,6.5243025,BPNN
27.4,18.553955,BPNN
16.8,18.294521,BPNN
8.2,12.709422,BPNN
14.7,16.940796,BPNN
19.8,16.358541,BPNN
12.6,23.060053,BPNN
12.1,25.16066,BPNN
17.9,50.26954,BPNN
37.4,34.805893,BPNN
13.9,12.862776,BPNN
16.2,18.155767,BPNN
27.4,29.730768,BPNN
10.9,14.693163,BPNN
20.1,16.94197,BPNN
11.8,16.27404,BPNN
10.5,13.164153,BPNN
11.2,37.47733,BPNN
19,24.611818,BPNN
10.6,14.276948,BPNN
20.2,41.422123,BPNN
8.8,11.801879,BPNN
24.7,16.553339,BPNN
38.2,44.105064,BPNN
13.8,21.187212,BPNN
16.5,35.512726,BPNN
55.5,33.178364,BPNN
19.8,17.747238,BPNN
10.1,11.032306,BPNN
14.8,14.4615,BPNN
8.7,12.122791,BPNN
56.5,44.315918,BPNN
13.1,12.737462,BPNN
7.2,20.226068,BPNN
22.5,21.73645,BPNN
31.6,15.74963,BPNN
4.7,8.474125,BPNN
11.3,24.853043,BPNN
27.2,21.596956,BPNN
33.4,16.231405,BPNN
11.7,15.727083,BPNN
30.9,31.675035,BPNN
11.8,22.536913,BPNN
49.3,27.050072,BPNN
7.2,13.081189,BPNN
66.7,38.704334,BPNN
36.9,32.33684,BPNN
16,23.135902,BPNN
14.7,28.946335,BPNN
14.2,18.229391,BPNN
11.1,12.901798,BPNN
23,29.975798,BPNN
11.9,15.694369,BPNN
7.4,27.23883,BPNN
13.7,20.526531,BPNN
8.1,11.617246,BPNN
18.8,17.300615,BPNN
31.4,48.46184,BPNN
43.8,45.08853,BPNN
24.6,16.74403,BPNN
48.8,13.098428,BPNN
53.2,42.062847,BPNN
8.8,16.884243,BPNN
22.6,19.182028,BPNN
21.1,12.544991,BPNN
6.4,10.2572365,BPNN
11.8,12.06843861,SVR
13.1,8.958832229,SVR
14,13.84589204,SVR
47.2,16.00607118,SVR
16.4,12.4923201,SVR
7.9,9.185635457,SVR
21.7,19.63932692,SVR
25.9,12.93392445,SVR
18.6,9.158344547,SVR
34.7,49.48719465,SVR
22.2,21.62052603,SVR
7.9,18.20332637,SVR
9.5,3.282079575,SVR
49,24.42600277,SVR
9.4,13.69292512,SVR
11.3,14.05880164,SVR
35.8,30.58474316,SVR
12.5,10.66572395,SVR
12.1,14.92056867,SVR
2.2,3.470500086,SVR
13.9,15.76319772,SVR
27.6,15.42124258,SVR
20.3,19.46054463,SVR
13.2,12.37283811,SVR
22.3,26.51219912,SVR
18.5,20.23636381,SVR
15.3,17.41980608,SVR
10.7,7.447497441,SVR
22,17.82248257,SVR
46.4,60.11548239,SVR
4.3,8.443434792,SVR
58.5,30.80625284,SVR
13.9,23.85688829,SVR
5.2,4.268503791,SVR
13.5,18.97275578,SVR
20.9,32.86206205,SVR
13.9,12.82654277,SVR
11.6,13.77694354,SVR
16.7,11.97960934,SVR
23.5,32.32287976,SVR
17.5,20.07578832,SVR
17.8,18.29773606,SVR
7.9,10.99685561,SVR
21.1,12.08525493,SVR
10.5,12.6771992,SVR
23,27.27267819,SVR
6.2,6.376570065,SVR
8.4,16.7593317,SVR
23.6,11.35075524,SVR
11.5,12.9697835,SVR
20,20.09810481,SVR
54.6,44.24745849,SVR
21.6,21.63280407,SVR
27.2,18.38606679,SVR
13,18.92661297,SVR
16.5,19.08088088,SVR
13.6,17.09794383,SVR
31.9,20.81881491,SVR
5.4,7.638131954,SVR
44.8,70.45182618,SVR
13.6,13.61114683,SVR
22,29.94225039,SVR
38.4,19.69826663,SVR
37.8,12.68796492,SVR
12.8,12.00039319,SVR
37.5,17.93356451,SVR
15.8,8.506671726,SVR
22.3,16.80338807,SVR
19.4,17.1118748,SVR
15.3,6.541295579,SVR
42.4,10.19280568,SVR
9.6,8.209516439,SVR
32,20.21371404,SVR
6.5,9.511293999,SVR
42,48.563334,SVR
25.3,32.39219758,SVR
23.5,30.12266856,SVR
8.7,12.76535209,SVR
4,5.481062533,SVR
15.3,9.732846283,SVR
5.8,16.24737031,SVR
38.9,14.48666823,SVR
11.1,8.90504016,SVR
41.7,20.85036192,SVR
20.1,7.489841133,SVR
13.5,5.312156328,SVR
31.8,31.38657767,SVR
13.2,11.57424078,SVR
11.2,16.0430157,SVR
9.6,11.05790244,SVR
24.8,19.57813644,SVR
32.2,33.49657239,SVR
16.5,11.96161005,SVR
18,12.57802871,SVR
19.8,13.77407404,SVR
23.7,14.17540178,SVR
30.3,23.31937428,SVR
22.5,7.046416276,SVR
5.4,5.51498841,SVR
11.7,16.45019491,SVR
30.7,23.36190731,SVR
27,22.46486113,SVR
55.2,23.59524563,SVR
17.8,11.85303136,SVR
15.4,30.22333405,SVR
15.5,7.536094021,SVR
15.3,14.41417007,SVR
11.8,34.84295686,SVR
21.9,16.30513134,SVR
30.8,34.0492075,SVR
8.2,7.009487926,SVR
13.7,22.70390361,SVR
4.9,7.937733858,SVR
24.4,14.71445584,SVR
12.5,12.53664769,SVR
8.4,4.628168157,SVR
10.6,23.06178107,SVR
20.9,11.15974498,SVR
20,19.25267363,SVR
13.8,31.22868932,SVR
11.2,13.61804426,SVR
9.6,10.17647364,SVR
26.3,23.2381506,SVR
27,20.55032918,SVR
29.8,20.02362004,SVR
16.7,17.49252148,SVR
11.7,21.23855748,SVR
13.9,15.7292547,SVR
11.4,13.31449449,SVR
41.8,40.51678098,SVR
14.2,21.79271623,SVR
12,6.069477518,SVR
27.8,21.56565661,SVR
3.8,5.164912848,SVR
11.6,14.66493487,SVR
17.5,14.95358678,SVR
20.4,11.43836708,SVR
4.2,-6.568411259,SVR
20,14.49136763,SVR
13.1,9.703449879,SVR
46.7,20.72857419,SVR
12.2,7.816353393,SVR
7.4,14.22678091,SVR
13.4,7.023094117,SVR
10,9.804419071,SVR
7.8,8.681906151,SVR
21.8,24.37474291,SVR
11.4,12.77753779,SVR
23.3,30.18320367,SVR
13.2,24.73765229,SVR
36.3,31.18250999,SVR
13.3,21.12429109,SVR
15.1,8.641115191,SVR
3.9,9.252490954,SVR
10.8,6.376183104,SVR
14.6,13.5985503,SVR
20.5,40.77159953,SVR
10.8,12.72457196,SVR
16.3,15.66724582,SVR
17.7,14.30534456,SVR
10.6,0.915674443,SVR
23.8,23.12185455,SVR
10.1,13.00354669,SVR
60.2,26.47456346,SVR
20.4,22.44612447,SVR
13.7,12.67981612,SVR
15.4,17.95596436,SVR
16.3,18.68382373,SVR
10.5,9.755722032,SVR
57.3,21.93467016,SVR
24.7,26.39729483,SVR
15,14.7090468,SVR
17.6,19.06551221,SVR
52.3,29.01273923,SVR
11,16.3029649,SVR
15.4,10.76841321,SVR
23.3,22.93807744,SVR
12.3,15.62141922,SVR
12.7,25.65530891,SVR
11.4,17.43576007,SVR
4.4,7.478733228,SVR
24.6,20.36481646,SVR
20.9,12.95089212,SVR
31.7,19.30104341,SVR
10.6,19.12383854,SVR
32.3,23.78966022,SVR
13.7,17.75859201,SVR
10.5,7.917958287,SVR
10,6.026056573,SVR
3.2,23.31885297,SVR
14.7,16.3501657,SVR
13,15.17443059,SVR
3.3,8.909014286,SVR
12.5,12.50642984,SVR
9.1,16.43351672,SVR
7.9,10.52651958,SVR
9.1,17.72935369,SVR
13.7,15.642375,SVR
12.9,21.59567688,SVR
26.1,27.60093081,SVR
11.4,16.03960898,SVR
14.7,14.209972,SVR
12.7,18.53630759,SVR
41.7,57.12472202,SVR
12.7,23.21079685,SVR
20.6,13.99106573,SVR
9.2,9.786648362,SVR
9.8,10.1657751,SVR
20.2,21.48294967,SVR
31.4,11.55276975,SVR
17.4,17.61365708,SVR
22.1,14.8844125,SVR
11.7,19.53985042,SVR
47.8,30.26430668,SVR
35.1,24.43357213,SVR
8.6,7.059121447,SVR
41.3,18.34251822,SVR
24.6,21.22244113,SVR
7.6,12.47812781,SVR
8.7,14.78614047,SVR
17.1,20.98087229,SVR
4.9,7.675166413,SVR
15,11.79459935,SVR
13.9,16.30854557,SVR
35.6,23.20510765,SVR
15.5,11.3112338,SVR
37.6,20.03297798,SVR
14.8,11.2793608,SVR
8.8,17.34041363,SVR
7.4,16.55691162,SVR
19.2,17.44112038,SVR
11.1,15.73859563,SVR
13.2,19.80565173,SVR
39.9,36.86728669,SVR
9.8,13.99060337,SVR
14.7,11.77004854,SVR
9.1,8.197341908,SVR
12.7,11.19055684,SVR
18,12.42356167,SVR
29.5,27.17445351,SVR
43.7,44.56979073,SVR
8.6,19.38264857,SVR
33.7,25.82586464,SVR
12.6,23.00413744,SVR
7.3,11.75843393,SVR
11.6,17.44412626,SVR
15.2,24.02635464,SVR
9.8,13.59239104,SVR
13.8,8.045973156,SVR
36.5,12.77733266,SVR
36.1,19.80892684,SVR
19.8,18.09962278,SVR
12.1,7.199862411,SVR
11.5,11.07800921,SVR
15.6,15.53522227,SVR
14.2,16.68813451,SVR
34.3,16.59784663,SVR
20.7,17.4872472,SVR
43.8,16.88248333,SVR
44,37.7407178,SVR
17,11.29360618,SVR
15.2,6.168921189,SVR
14.5,6.389509115,SVR
28.7,29.5305939,SVR
11.6,8.417659941,SVR
11.9,10.57285644,SVR
8.3,11.20089696,SVR
11.5,12.02228479,SVR
14.8,15.14151665,SVR
38.2,33.63189728,SVR
18,23.52430613,SVR
23.6,16.91762429,SVR
18.3,17.96325647,SVR
15.6,13.84389953,SVR
7.3,3.39337899,SVR
10.4,5.000895029,SVR
20.5,20.16521563,SVR
6.2,5.707293464,SVR
4.8,5.593611071,SVR
11.1,11.07350528,SVR
5.9,7.582299031,SVR
6.8,8.362048849,SVR
3.5,20.25492901,SVR
36,36.8553439,SVR
34.4,33.75209625,SVR
10.9,11.23122681,SVR
11.6,18.42029244,SVR
32.1,17.81671768,SVR
48.9,51.00488955,SVR
15.3,22.68645734,SVR
18.4,15.35038677,SVR
49.8,30.25217231,SVR
8.5,16.09587432,SVR
11.6,19.29088921,SVR
44.2,47.14138503,SVR
43.3,31.47964078,SVR
13.9,18.87855093,SVR
52.9,31.81483333,SVR
23.8,18.83937154,SVR
18.9,27.25900052,SVR
5.9,8.232491302,SVR
18.2,16.44829635,SVR
9.3,4.968268192,SVR
10.4,13.55792979,SVR
18.3,21.27509212,SVR
7,14.07971381,SVR
17.8,10.96365417,SVR
18.7,13.52963089,SVR
6.4,6.317540984,SVR
18.8,14.04734234,SVR
18.5,26.95515639,SVR
8.3,5.44320146,SVR
10.6,12.71383544,SVR
8.8,8.340721485,SVR
7.8,7.325856953,SVR
29,16.56806871,SVR
26.7,25.89043214,SVR
13.8,13.17852496,SVR
13.6,15.04055495,SVR
25.8,17.52890921,SVR
14.8,15.67873106,SVR
11.2,10.2743609,SVR
16,10.45455969,SVR
19.5,21.17594234,SVR
51.1,28.07334727,SVR
16.7,13.4494777,SVR
14.4,9.815215797,SVR
26.4,19.32002547,SVR
25.6,32.11066251,SVR
42.3,7.928871824,SVR
15.9,15.35488993,SVR
11,20.85427373,SVR
8.5,16.25790673,SVR
15.4,17.28325055,SVR
21.2,3.201316951,SVR
5.2,6.93767641,SVR
10.8,18.25828806,SVR
12.1,15.83527364,SVR
24.4,14.4216113,SVR
13.9,16.06413552,SVR
29.5,15.68673504,SVR
21,24.71908143,SVR
10.4,8.307806814,SVR
15.5,12.6081108,SVR
14.1,8.635100142,SVR
16.6,10.80027842,SVR
13,14.44353491,SVR
19.7,14.07945624,SVR
9.8,9.51235725,SVR
22.7,23.6848239,SVR
31,21.61167194,SVR
34.4,17.95076143,SVR
14.5,13.48661359,SVR
12.5,14.39936245,SVR
19.7,16.79939748,SVR
43.9,10.76822347,SVR
35.1,58.72954438,SVR
15.9,12.89118387,SVR
12.2,11.90278894,SVR
39.3,6.977165525,SVR
19.5,10.31259379,SVR
21.2,32.41023786,SVR
6.7,2.463469888,SVR
8.6,12.21045395,SVR
16.3,11.03272849,SVR
20.4,24.70166337,SVR
14,12.40799695,SVR
17.3,13.58188501,SVR
15.4,16.22919567,SVR
24,14.19633747,SVR
5.4,9.386901068,SVR
17.7,15.93934884,SVR
25,31.29126914,SVR
13.5,17.08357491,SVR
16.2,10.17422646,SVR
8.3,7.124437206,SVR
23.2,20.01126959,SVR
18.4,39.61647445,SVR
10.1,10.88143836,SVR
34.1,60.58720411,SVR
28.1,48.55059677,SVR
31.8,18.09080088,SVR
52.3,16.54069529,SVR
0.3,10.65910527,SVR
5.7,29.39524347,SVR
12,20.50789429,SVR
43.2,18.0070983,SVR
17.6,19.10127638,SVR
9.2,12.10829043,SVR
28.5,15.34102518,SVR
38.2,26.14695359,SVR
18.2,23.91479745,SVR
9.9,13.93650689,SVR
34.5,54.66087562,SVR
56.7,21.57822755,SVR
25.1,15.24837155,SVR
13.7,15.44301925,SVR
18.4,14.56057966,SVR
14.3,19.3060518,SVR
11.2,11.20711294,SVR
12.8,7.589990407,SVR
15.9,12.9395549,SVR
21.3,12.56314145,SVR
6.8,4.504410427,SVR
8.4,16.33940563,SVR
19.7,16.29451359,SVR
24.3,16.8873736,SVR
19.8,18.69345139,SVR
15.6,15.53400998,SVR
13.9,25.11619752,SVR
12.5,16.58852431,SVR
26,8.460192994,SVR
17.2,12.2592215,SVR
18,18.31245117,SVR
20,22.55709543,SVR
6.8,15.05651764,SVR
14,12.03102988,SVR
16.9,15.08433024,SVR
14.1,14.64645009,SVR
50.8,56.55211848,SVR
10.7,13.22728643,SVR
16.8,15.69789632,SVR
14.4,7.494498259,SVR
31.3,24.46258249,SVR
14.4,15.9094603,SVR
22.9,30.1645697,SVR
9,13.13718413,SVR
19.6,16.53840606,SVR
11.9,5.149590945,SVR
36.3,27.52220459,SVR
41.7,17.06102031,SVR
35.6,12.12690242,SVR
6.6,0.625976717,SVR
39.4,30.95515509,SVR
14.5,20.59746686,SVR
19.1,16.37465603,SVR
17.5,24.42436833,SVR
9.8,8.98184245,SVR
5.6,5.729106753,SVR
16,27.67068482,SVR
11.4,12.98997316,SVR
19.7,16.25328078,SVR
26.8,19.16983039,SVR
19,27.39796751,SVR
10.8,9.395442067,SVR
16,9.499097186,SVR
23.6,26.67976843,SVR
22.2,18.35820862,SVR
16.2,18.18728148,SVR
9.3,7.600248218,SVR
24,20.11505896,SVR
55.2,37.17237674,SVR
12.7,15.43348613,SVR
3.9,7.047754695,SVR
12.2,12.35012369,SVR
13.9,10.15712437,SVR
27.5,21.19702986,SVR
44.1,26.20431813,SVR
24.7,35.01745897,SVR
14.3,13.99406139,SVR
48.8,35.80972565,SVR
10.4,21.1341126,SVR
12.1,10.54827899,SVR
7.7,8.623673286,SVR
21.1,38.79928821,SVR
20.7,17.67755788,SVR
11.8,18.68157909,SVR
12.7,21.32905656,SVR
29.2,17.24959764,SVR
20.1,16.12866487,SVR
33.6,19.45259085,SVR
63.3,38.66073668,SVR
40.1,17.96100454,SVR
19.9,11.80880008,SVR
7.2,15.95438588,SVR
7.9,3.843919663,SVR
10.6,10.25763984,SVR
50.2,26.1683379,SVR
21.5,8.147359005,SVR
17.5,22.43758635,SVR
21.1,32.11659431,SVR
13,18.43636068,SVR
20.4,24.13448289,SVR
13.7,15.3274755,SVR
15.2,11.2767003,SVR
30.1,18.11852101,SVR
17.1,10.53891618,SVR
17.2,15.24292905,SVR
44.2,24.01239065,SVR
4.9,21.40490046,SVR
9.3,12.48904765,SVR
3.5,9.16732064,SVR
64.4,52.28081225,SVR
17.7,18.32921043,SVR
16.1,27.33287659,SVR
2.3,1.438230659,SVR
18.6,17.16307038,SVR
9.8,10.67822318,SVR
23.9,6.982223939,SVR
18.1,21.03952166,SVR
14.8,25.85586279,SVR
7.1,13.67901752,SVR
11.6,4.756009978,SVR
19.8,18.84360066,SVR
22.8,21.70458004,SVR
19.9,13.91527508,SVR
8.5,11.82625511,SVR
23.7,17.60629468,SVR
22.1,14.805333,SVR
33.5,38.22349998,SVR
22.1,20.92132221,SVR
16.9,16.84921905,SVR
16.2,17.98203665,SVR
16.4,20.44245946,SVR
19.4,17.03604168,SVR
21.9,29.40150878,SVR
21.8,15.52377921,SVR
11.4,16.43261216,SVR
6.9,6.904895782,SVR
8.3,10.34975063,SVR
22.8,69.31289865,SVR
42.3,19.36344273,SVR
52.9,12.60552888,SVR
30.2,24.14632204,SVR
9.6,9.869542571,SVR
24.9,11.89437022,SVR
15.2,6.108369705,SVR
7.2,12.51116662,SVR
10.7,9.755222741,SVR
18.8,21.93090783,SVR
6.7,12.38601836,SVR
18.9,20.18049113,SVR
11.5,5.762793739,SVR
19,16.40598968,SVR
9.3,15.86182083,SVR
64,64.49706542,SVR
12.7,8.136436652,SVR
10.1,14.8611512,SVR
10.1,18.62859708,SVR
6.9,10.1876863,SVR
17.4,20.87324212,SVR
54.5,22.89581912,SVR
6.2,11.07123479,SVR
53.1,39.23678906,SVR
15.6,20.07010602,SVR
11.8,9.007873228,SVR
33.4,23.18198171,SVR
19.1,17.5522246,SVR
15.6,13.65312413,SVR
61.4,63.49151317,SVR
42.7,18.11614818,SVR
30.6,21.40107048,SVR
11.1,14.22279791,SVR
10,14.2430923,SVR
6.6,9.618068295,SVR
10.2,12.36755583,SVR
10.4,12.46913518,SVR
13.4,9.272009852,SVR
14.7,15.7124555,SVR
9.5,13.35166918,SVR
11,11.99007816,SVR
16.1,17.74618768,SVR
10.6,12.55618909,SVR
16.9,6.269490448,SVR
3.4,15.6476588,SVR
13,16.54113578,SVR
8.7,14.0987019,SVR
7.2,10.69793386,SVR
7.7,9.510155922,SVR
27.5,15.93917085,SVR
12.7,9.484596101,SVR
16.1,14.08667981,SVR
5.6,34.37959294,SVR
10,11.48856968,SVR
9.8,8.837344168,SVR
11.2,17.62675187,SVR
5,18.8613465,SVR
11.9,9.324602472,SVR
58.5,33.20227669,SVR
16.1,18.27760645,SVR
9.1,8.58168285,SVR
12.4,32.69980722,SVR
12.5,12.00666763,SVR
13.9,15.31723305,SVR
37.9,13.40943637,SVR
18.8,19.45932184,SVR
17.8,18.46945162,SVR
39,27.68420614,SVR
9.8,9.499938686,SVR
10.9,18.91468748,SVR
29.2,24.14606052,SVR
10.3,13.71624041,SVR
2.6,6.048516828,SVR
12.2,17.53583505,SVR
20.9,15.18757612,SVR
11.6,4.630995489,SVR
17,15.26537607,SVR
12.1,14.68570881,SVR
2.1,4.30924149,SVR
23.7,31.76674825,SVR
11.4,18.44340549,SVR
10.7,7.959489878,SVR
34.6,42.90668357,SVR
25,34.89586537,SVR
11.7,15.03833888,SVR
10,11.59971466,SVR
14.9,10.78633293,SVR
7.8,9.370283552,SVR
5.6,10.13945886,SVR
17.8,11.94319199,SVR
11.5,17.98315843,SVR
20.8,34.40542594,SVR
8.4,18.52956737,SVR
5.7,14.27873049,SVR
17,5.284293557,SVR
32.1,36.29729785,SVR
41.8,39.83793091,SVR
7.9,9.253725816,SVR
17.9,14.56423094,SVR
11.8,12.27201791,SVR
19.6,39.3020502,SVR
13.2,16.86643243,SVR
8.1,8.824365009,SVR
34,11.42452108,SVR
4.5,11.97863673,SVR
4.6,9.792323254,SVR
10.1,15.41583222,SVR
15,15.05080901,SVR
6.8,7.688275871,SVR
52.1,33.94650204,SVR
20.3,15.2978255,SVR
17,14.79073231,SVR
9.2,4.25224959,SVR
12.4,12.73872506,SVR
19.3,14.37899849,SVR
21.4,22.72705314,SVR
42.4,8.703355327,SVR
31,17.03196727,SVR
20.7,11.56853529,SVR
12.9,4.477683756,SVR
6.5,10.2218524,SVR
11.7,15.5906015,SVR
20.6,14.96738345,SVR
7.7,11.19742689,SVR
22,15.66743609,SVR
16.4,22.87340696,SVR
15.6,17.38172353,SVR
20.9,12.60422261,SVR
22.9,21.36422964,SVR
52.8,20.36970882,SVR
17.4,20.26071379,SVR
13.8,19.53831436,SVR
3.2,26.02980421,SVR
9.1,20.85995555,SVR
27.9,22.59077803,SVR
22.2,14.07050453,SVR
26,16.49290736,SVR
8.2,14.75894239,SVR
26.4,19.59088836,SVR
33.6,42.61865147,SVR
8.2,13.24729919,SVR
11.9,12.40653256,SVR
19.1,12.24943948,SVR
18.4,17.80480005,SVR
19.3,18.89598167,SVR
16.6,21.26014525,SVR
9.4,17.23088694,SVR
11.9,12.29297545,SVR
16.8,14.68297257,SVR
2.2,6.438442678,SVR
23,23.64140531,SVR
13.5,13.50454612,SVR
14.3,15.93529376,SVR
21.4,14.94575113,SVR
14,16.67833403,SVR
8.6,11.87921184,SVR
21.2,30.87268177,SVR
12.2,10.10768423,SVR
35.1,35.08172486,SVR
53.6,46.26656516,SVR
11.3,18.87994062,SVR
7.3,8.813891942,SVR
36.9,59.08473673,SVR
17.1,18.56832738,SVR
14.8,13.56249405,SVR
18.9,15.46906608,SVR
24.1,18.96048054,SVR
12.4,11.46096881,SVR
7.2,7.85714923,SVR
23.9,23.4305911,SVR
23.5,18.38357684,SVR
60,65.06487948,SVR
16.7,20.76356966,SVR
10.8,9.940744773,SVR
50.5,60.64590391,SVR
46.5,26.90899694,SVR
34.5,42.08966163,SVR
11.4,18.59647018,SVR
64,14.5289412,SVR
11.7,19.87136799,SVR
34.9,19.30115132,SVR
27.1,34.45333283,SVR
5.2,15.2033023,SVR
12.2,22.4584752,SVR
22.2,13.07742913,SVR
26.6,13.34223697,SVR
9.4,10.8611266,SVR
11.3,17.48743875,SVR
20.5,10.00847822,SVR
12.7,12.65348454,SVR
31.5,25.0012226,SVR
8,11.72372516,SVR
26.1,18.42109045,SVR
7.5,21.15200744,SVR
20.8,16.87266861,SVR
17.5,16.58448162,SVR
13.2,13.26981832,SVR
11.6,11.34156799,SVR
5.9,6.314035266,SVR
13,8.215012406,SVR
15.8,16.63526181,SVR
18,19.21433995,SVR
19.8,26.5060597,SVR
39.5,27.39072655,SVR
33.3,24.1332614,SVR
20.4,15.81198156,SVR
10.7,12.01814775,SVR
9.2,13.36199754,SVR
48.3,32.71562275,SVR
15.1,17.27156723,SVR
4.6,3.446061957,SVR
24.6,18.35848837,SVR
17.3,10.70646966,SVR
13.7,11.17937634,SVR
10.8,15.30055719,SVR
24,15.0837876,SVR
20.3,17.35450068,SVR
6.7,14.02153797,SVR
33.4,35.06531637,SVR
6,15.95713276,SVR
42,28.34287358,SVR
33.3,14.18691673,SVR
3,26.14869067,SVR
39.8,47.11979497,SVR
10.4,16.17997108,SVR
19.3,17.31085297,SVR
17.9,22.92189042,SVR
14.7,8.484196718,SVR
27.9,33.79764449,SVR
7.7,14.31872332,SVR
40.4,47.93869053,SVR
11.2,9.497580964,SVR
43.6,45.90283921,SVR
8.2,7.196693016,SVR
49.5,46.3042934,SVR
10.2,14.89140548,SVR
39.4,47.55486606,SVR
15.8,28.6675218,SVR
13.3,16.05784503,SVR
18.4,11.71973922,SVR
12.2,14.0735653,SVR
12.2,16.5880253,SVR
15.8,21.29456819,SVR
8.9,9.443020793,SVR
20.7,17.62808986,SVR
13.8,15.03274212,SVR
7.3,5.895483263,SVR
10.7,19.2268531,SVR
19.7,8.611659112,SVR
3.9,16.83220184,SVR
7.3,7.99976722,SVR
7.3,13.44828987,SVR
13.3,16.8876521,SVR
34.6,44.75694774,SVR
16.1,18.76134463,SVR
14.8,9.352269175,SVR
3.5,28.83185635,SVR
13.9,21.14148495,SVR
15.8,16.35742975,SVR
27.9,28.74708461,SVR
12.2,15.64296383,SVR
22.1,24.82894003,SVR
11.7,12.17670397,SVR
3.9,6.10812467,SVR
18.7,19.85097855,SVR
20.8,5.599942603,SVR
21.6,20.42415696,SVR
58.9,34.37274447,SVR
19.6,14.41508175,SVR
14.5,19.98574723,SVR
6.6,11.62232769,SVR
47.2,40.90140883,SVR
13.9,25.0578931,SVR
44.6,17.68535441,SVR
13.1,17.04125323,SVR
17.6,10.41683209,SVR
21.4,18.05446571,SVR
9.6,7.103673445,SVR
23.6,14.89986442,SVR
30.8,23.37032144,SVR
19.1,15.22966557,SVR
17.1,13.25225332,SVR
23,12.36937748,SVR
50,47.74757053,SVR
21.3,15.09137944,SVR
7.2,12.55274037,SVR
8.9,5.540068633,SVR
13.5,25.29412933,SVR
17.3,23.44681574,SVR
34,23.93914786,SVR
16.6,18.28059134,SVR
7.1,7.392075981,SVR
20.9,32.59055242,SVR
15.9,15.34250652,SVR
25,7.019088777,SVR
8.6,11.67060051,SVR
4,4.365833819,SVR
17.3,12.65940757,SVR
20.9,10.71238609,SVR
25.7,6.089266008,SVR
59.2,10.757608,SVR
19.6,53.50511545,SVR
53.1,22.07703945,SVR
8.3,11.47981417,SVR
10.5,12.33037362,SVR
18.9,9.081144964,SVR
9.2,28.83755208,SVR
26.3,13.59344992,SVR
15.3,13.66266758,SVR
5.7,18.50780986,SVR
16.1,10.17735711,SVR
12.1,22.03851634,SVR
15.9,13.51379648,SVR
15.8,10.87111338,SVR
20.2,10.98363656,SVR
12.9,9.400731584,SVR
20.8,24.19121729,SVR
19.5,20.4111383,SVR
25.6,43.0126769,SVR
16.4,18.95805877,SVR
10.5,3.873973239,SVR
15.1,12.11424503,SVR
26.1,23.89278594,SVR
10,11.52112932,SVR
8.4,9.740249411,SVR
53.8,29.70311655,SVR
7.6,10.91723105,SVR
11.4,16.34091548,SVR
4.5,32.78334137,SVR
4.1,1.555743345,SVR
12.3,10.2148529,SVR
6.6,5.952989199,SVR
18,15.37378164,SVR
14.8,17.68949556,SVR
26,16.53913882,SVR
22.8,15.53613871,SVR
8.7,9.649352199,SVR
29.7,21.03476041,SVR
8.4,12.32013872,SVR
24.6,23.89606725,SVR
3.9,2.810600825,SVR
38.4,27.81971475,SVR
18.6,14.66934499,SVR
17.7,21.26575045,SVR
11.1,13.10081388,SVR
14.7,15.30196183,SVR
26.8,19.41420608,SVR
9.8,8.276210715,SVR
12.2,14.22034348,SVR
11.2,11.70536432,SVR
23.2,13.15401642,SVR
11.4,18.12520195,SVR
16.8,10.20257426,SVR
7.3,10.4189164,SVR
26.7,-7.404991203,SVR
8,12.35325711,SVR
2.1,8.231206326,SVR
10.3,18.16159046,SVR
5.3,6.807180929,SVR
33,15.87679869,SVR
30.5,57.76350828,SVR
10.9,10.84287744,SVR
12,14.87249952,SVR
17.7,18.94196572,SVR
23,16.2598466,SVR
60.8,24.14094472,SVR
11,15.64306401,SVR
9.3,11.77358999,SVR
19.8,19.20063472,SVR
39.9,41.00056245,SVR
14.9,8.532193078,SVR
10.8,19.47497199,SVR
14.3,22.48009907,SVR
17.8,19.63368777,SVR
60.9,52.0489666,SVR
10.5,14.64256,SVR
18.7,12.4880775,SVR
13.6,14.23922541,SVR
14.7,7.291550272,SVR
52.7,30.96396673,SVR
11.9,26.35923162,SVR
28.3,14.58057817,SVR
7.1,10.56580534,SVR
23.6,19.38136704,SVR
3.7,2.307141253,SVR
28.6,24.94757056,SVR
4.8,10.33349439,SVR
17.4,22.23567703,SVR
7.5,7.401730543,SVR
29.3,42.85103209,SVR
6,19.83150632,SVR
7.5,11.48058341,SVR
11.2,20.86140648,SVR
11.1,12.26891402,SVR
23,14.58704393,SVR
15.2,30.75920801,SVR
11.7,12.0167595,SVR
11.9,16.86958894,SVR
14.1,12.91106521,SVR
7.6,11.96048723,SVR
23.8,15.6689889,SVR
14.2,10.27187634,SVR
55.6,35.12953669,SVR
18.2,9.495232267,SVR
11.5,16.51892377,SVR
9.9,8.949622042,SVR
32.1,18.36395294,SVR
31.2,18.61255228,SVR
15.8,7.068543622,SVR
10.9,4.904708231,SVR
22.9,24.44221474,SVR
15.4,18.37040841,SVR
6.4,5.572427164,SVR
11.9,5.892200172,SVR
21.8,22.01178444,SVR
11.9,17.2762927,SVR
16.3,13.58305363,SVR
25.4,23.86523021,SVR
13.8,14.12805517,SVR
19.1,17.52895351,SVR
9.8,9.959320696,SVR
17.2,11.42968148,SVR
6.2,10.56550371,SVR
8.3,4.578393408,SVR
24.6,22.46524951,SVR
20.1,13.18905548,SVR
16.4,15.84795411,SVR
24.7,29.8312525,SVR
8.8,14.70061205,SVR
12,14.92356965,SVR
8.2,4.75814351,SVR
11.7,12.40358861,SVR
5.5,-6.584649418,SVR
10.7,6.307680121,SVR
12.3,16.96329281,SVR
15.9,15.75156644,SVR
42,49.95162672,SVR
39.7,32.51132678,SVR
10.8,9.851662943,SVR
8.8,8.761958115,SVR
14.2,21.54228248,SVR
21.3,27.86819866,SVR
17.1,21.22102642,SVR
29.3,34.51060846,SVR
27.6,29.44891434,SVR
23.6,28.37471242,SVR
16.3,5.972391029,SVR
18.8,24.61360922,SVR
11,8.219622908,SVR
26.6,30.55710104,SVR
7.1,6.142637861,SVR
6.3,11.04580441,SVR
14.3,13.71645797,SVR
10.3,14.16229286,SVR
19.5,18.20145546,SVR
9,12.71392219,SVR
38,26.51285889,SVR
5.3,10.80447637,SVR
15.1,16.9992204,SVR
20.8,24.0995469,SVR
21.8,29.30278138,SVR
35.2,35.89073821,SVR
7.9,15.0557283,SVR
36.4,37.35274072,SVR
11.2,37.99463344,SVR
25.4,13.51192017,SVR
9.9,9.119764806,SVR
38,21.35767604,SVR
18.3,14.65564887,SVR
14.7,12.637896,SVR
8.2,11.10547176,SVR
23.5,19.02950528,SVR
26.9,24.9113487,SVR
44.6,46.2634857,SVR
33.3,17.42824961,SVR
3.6,21.90787204,SVR
21.8,15.08323704,SVR
11.7,17.675322,SVR
20.3,15.71476387,SVR
3.4,9.775273613,SVR
12.2,9.474313362,SVR
14.7,34.26632567,SVR
48.3,14.11854367,SVR
55.1,60.79282795,SVR
17.2,15.74025133,SVR
12.2,16.20694282,SVR
13.2,23.46000238,SVR
21.1,8.203111278,SVR
13,22.10143711,SVR
14.1,10.51856466,SVR
8.1,8.35617128,SVR
27.4,23.87003948,SVR
16.8,17.56202399,SVR
8.2,11.17337996,SVR
14.7,17.18206685,SVR
19.8,16.2666934,SVR
12.6,15.33427066,SVR
12.1,36.67944029,SVR
17.9,50.08685839,SVR
37.4,24.39824387,SVR
13.9,9.217923973,SVR
16.2,17.99796292,SVR
27.4,27.52019646,SVR
10.9,16.76831408,SVR
20.1,15.23133373,SVR
11.8,11.99438257,SVR
10.5,3.912955163,SVR
11.2,52.64351554,SVR
19,26.40191738,SVR
10.6,18.2789289,SVR
20.2,31.0602841,SVR
8.8,13.81047559,SVR
24.7,15.98280613,SVR
38.2,47.70619611,SVR
13.8,17.68380807,SVR
16.5,24.04189647,SVR
55.5,32.56465757,SVR
19.8,14.99131291,SVR
10.1,14.49022556,SVR
14.8,11.82041791,SVR
8.7,9.670236802,SVR
56.5,31.33328364,SVR
13.1,9.066170274,SVR
7.2,15.70108155,SVR
22.5,25.02114224,SVR
31.6,16.65253905,SVR
4.7,3.488210582,SVR
11.3,14.36888555,SVR
27.2,22.67662394,SVR
33.4,18.85895788,SVR
11.7,18.06512648,SVR
30.9,34.14329349,SVR
11.8,14.17298844,SVR
49.3,28.28040075,SVR
7.2,10.11626853,SVR
66.7,37.59512685,SVR
36.9,19.44218879,SVR
16,36.9346572,SVR
14.7,34.98815871,SVR
14.2,19.84053356,SVR
11.1,10.77684908,SVR
23,23.79968073,SVR
11.9,11.67686119,SVR
7.4,22.07949343,SVR
13.7,18.60255497,SVR
8.1,12.4054622,SVR
18.8,18.32704943,SVR
31.4,41.40264732,SVR
43.8,44.45014362,SVR
24.6,24.66828536,SVR
48.8,9.084194023,SVR
53.2,42.414901,SVR
8.8,12.5234702,SVR
22.6,14.66475858,SVR
21.1,20.88515214,SVR
6.4,14.19154492,SVR
